Tuổi,Địa Điểm Sinh Sống,Kỹ năng bạn có,Thời gian rảnh để tham gia tình nguyện,Lĩnh vực mà bạn quan tâm
20.0,Hà Nội,"Giáo Dục / Giảng Dạy, Giao Tiếp, CNTT / Lập Trình, Thiết Kế, Ngoại Ngữ / Dịch Thuật, Tổ Chức Sự Kiện / Quản Lý, Y Tế / Chăm Sóc","Buổi Sáng, Buổi Chiều, Buổi Tối, Cuối Tuần, Online (Linh Hoạt)","Giáo Dục, Công Nghệ, Phiên Dịch / Ngôn Ngữ, Cộng Đồng / Xã Hội, Sức Khỏe / Y Tế, Môi Trường"
18.0,Hà Nội,"CNTT / Lập Trình, Ngoại Ngữ / Dịch Thuật",Buổi Sáng,"Công Nghệ, Phiên Dịch / Ngôn Ngữ"
30.0,Hà Nội,"Giáo Dục / Giảng Dạy, Thiết Kế","Cuối Tuần, Online (Linh Hoạt)","Giáo Dục, Công Nghệ, Cộng Đồng / Xã Hội"
18.0,Ha Noi,"Giao Tiếp, CNTT / Lập Trình, Thiết Kế, Ngoại Ngữ / Dịch Thuật",Online (Linh Hoạt),"Công Nghệ, Phiên Dịch / Ngôn Ngữ, Cộng Đồng / Xã Hội"
,,,,
19.0,Hà Nội,CNTT / Lập Trình,Cuối Tuần,Công Nghệ
24.0,Bắc Ninh,Thiết Kế,Online (Linh Hoạt),"Giáo Dục, Môi Trường"
22.0,Thái Nguyên,Ngoại Ngữ / Dịch Thuật,"Buổi Tối, Cuối Tuần","Giáo Dục, Phiên Dịch / Ngôn Ngữ"
22.0,Bắc Ninh,Ngoại Ngữ / Dịch Thuật,Online (Linh Hoạt),Phiên Dịch / Ngôn Ngữ
22.0,Hải Phòng,Tổ Chức Sự Kiện / Quản Lý,Cuối Tuần,Cộng Đồng / Xã Hội
19.0,hà nội,"Giáo Dục / Giảng Dạy, Giao Tiếp, CNTT / Lập Trình, Thiết Kế, Ngoại Ngữ / Dịch Thuật, Tổ Chức Sự Kiện / Quản Lý, Y Tế / Chăm Sóc","Buổi Tối, Cuối Tuần, Online (Linh Hoạt)","Giáo Dục, Công Nghệ, Cộng Đồng / Xã Hội, Môi Trường"
30.0,kiên giang,"Giáo Dục / Giảng Dạy, Giao Tiếp, CNTT / Lập Trình, Thiết Kế, Tổ Chức Sự Kiện / Quản Lý, Y Tế / Chăm Sóc","Buổi Sáng, Buổi Chiều","Giáo Dục, Công Nghệ, Phiên Dịch / Ngôn Ngữ, Cộng Đồng / Xã Hội, Môi Trường"
24.0,Hưng Yên,CNTT / Lập Trình,Online (Linh Hoạt),Công Nghệ
24.0,Đà Nẵng,"CNTT / Lập Trình, Thiết Kế",Cuối Tuần,Công Nghệ
20.0,hcm,"Giáo Dục / Giảng Dạy, Giao Tiếp, CNTT / Lập Trình, Thiết Kế, Ngoại Ngữ / Dịch Thuật, Y Tế / Chăm Sóc","Buổi Sáng, Buổi Chiều","Giáo Dục, Công Nghệ, Phiên Dịch / Ngôn Ngữ, Sức Khỏe / Y Tế, Môi Trường"
20.0,Hải Phòng,Giáo Dục / Giảng Dạy,Buổi Tối,Giáo Dục
20.0,Hà Nội,"Giáo Dục / Giảng Dạy, Giao Tiếp, CNTT / Lập Trình, Tổ Chức Sự Kiện / Quản Lý","Buổi Tối, Cuối Tuần",Công Nghệ
22.0,Hà Nội,"Giao Tiếp, Thiết Kế, Tổ Chức Sự Kiện / Quản Lý","Buổi Sáng, Buổi Chiều, Buổi Tối","Giáo Dục, Sức Khỏe / Y Tế"
22.0,Hà Nội,"Giáo Dục / Giảng Dạy, Giao Tiếp, Thiết Kế","Buổi Sáng, Buổi Chiều",Công Nghệ
20.0,Hà Nội,"Giáo Dục / Giảng Dạy, Giao Tiếp, CNTT / Lập Trình, Thiết Kế",Buổi Chiều,"Giáo Dục, Công Nghệ"
18.0,Bắc Ninh,Tổ Chức Sự Kiện / Quản Lý,Cuối Tuần,Cộng Đồng / Xã Hội
19.0,Hà Nội,"Truyền thông, viết nội dung",Buổi Sáng,Môi Trường
24.0,Cần Thơ,"Kế toán, Quản trị kinh doan",Cuối Tuần,Kinh doanh
28.0,Hồ Chí Minh,CNTT / Lập Trình,Online (Linh Hoạt),Công Nghệ
33.0,Huế,Tổ Chức Sự Kiện / Quản Lý,Buổi Tối,Cộng Đồng / Xã Hội
21.0,Đà Nẵng,Thiết Kế,Buổi Sáng,Cộng Đồng / Xã Hội
19.0,Cần Thơ,"Giao Tiếp, Hướng dẫn du lịch",Buổi Sáng,Du lịch
24.0,Hà Nội,Truyền thông,Cuối Tuần,Cộng Đồng / Xã Hội
28.0,Hải Phòng,Giáo Dục / Giảng Dạy,Buổi Tối,Giáo Dục
32.0,Hồ Chí Minh,"CNTT / Lập Trình, Thiết Kế",Cuối Tuần,Công Nghệ
21.0,Hà Nội,Tổ Chức Sự Kiện / Quản Lý,Cuối Tuần,Cộng Đồng / Xã Hội
23.0,Hồ Chí Minh,"Giáo Dục / Giảng Dạy, Giao Tiếp",Cuối Tuần,Giáo Dục
29.0,Hà Nội,Phân tích dữ liệu,Buổi Sáng,Dữ liệu
26.0,Hải Phòng,Thiết Kế,Buổi Tối,Cộng Đồng / Xã Hội
31.0,Cần Thơ,Tổ Chức Sự Kiện / Quản Lý,Cuối Tuần,Cộng Đồng / Xã Hội
20.0,Đà Lạt,"Nhiếp ảnh, chỉnh sửa ảnh","Cuối Tuần, Online (Linh Hoạt)",Nghệ thuật
23.0,Hà Nội,"Marketing, truyền thông",Buổi Sáng,Môi Trường
29.0,Hải Phòng,Y Tế / Chăm Sóc,Cuối Tuần,Sức Khỏe / Y Tế
20.0,Nha Trang,Ngoại Ngữ / Dịch Thuật,Buổi Tối,Văn hóa
22.0,Huế,"Marketing, quảng cáo",Buổi Tối,Cộng Đồng / Xã Hội
27.0,Hà Nội,CNTT / Lập Trình,Online (Linh Hoạt),Công Nghệ
35.0,Hồ Chí Minh,Y Tế / Chăm Sóc,Cuối Tuần,Sức Khỏe / Y Tế
24.0,Đà Nẵng,Viết báo cáo,Online (Linh Hoạt),Phiên Dịch / Ngôn Ngữ
30.0,Hải Phòng,Tổ Chức Sự Kiện / Quản Lý,Buổi Sáng,Cộng Đồng / Xã Hội
18.0,Đà Nẵng,"Giao Tiếp, Hướng dẫn viên",Cuối Tuần,Giáo Dục
22.0,Hà Nội,"Giáo Dục / Giảng Dạy, Hỗ trợ học sinh",Buổi Sáng,Công Nghệ
27.0,Thái Nguyên,CNTT / Lập Trình,Online (Linh Hoạt),Công Nghệ
25.0,Hà Nội,Tổ Chức Sự Kiện / Quản Lý,Buổi Tối,Truyền thông
31.0,Hồ Chí Minh,"Thiết Kế, Sáng tạo nội dung",Cuối Tuần,Nghệ Thuật
18.0,Đà Lạt,Ngoại Ngữ / Dịch Thuật,Buổi Sáng,Du lịch
21.0,Hà Nội,"Viết nội dung, Truyền thông",Online (Linh Hoạt),Truyền thông
25.0,Thái Nguyên,CNTT / Lập Trình,Buổi Sáng,Công Nghệ
29.0,Hồ Chí Minh,Tổ Chức Sự Kiện / Quản Lý,Buổi Sáng,Cộng Đồng / Xã Hội
32.0,Thái Nguyên,Giáo Dục / Giảng Dạy,Buổi Tối,Giáo Dục
24.0,Hồ Chí Minh,"Chụp ảnh, quay video",Buổi Sáng,Giáo Dục
30.0,Hà Nội,"Giáo Dục / Giảng Dạy, Tổ Chức Sự Kiện / Quản Lý",Buổi Tối,Nghệ thuật
19.0,Vũng Tàu,"Giao Tiếp, Tư vấn tâm lý",Online (Linh Hoạt),Truyền thông
28.0,Đà Nẵng,"Biên tập nội dung, viết bài",Cuối Tuần,Cộng Đồng / Xã Hội
33.0,Huế,"Thiết Kế, Truyền Thông",Buổi Sáng,Phát triển cá nhân
20.0,Hà Nội,"Ngoại Ngữ / Dịch Thuật, Kỹ năng mềm",Buổi Sáng,Giáo Dục
23.0,Thái Nguyên,"Thiết Kế, Đồ họa 2D",Buổi Tối,Nghệ Thuật
27.0,Hồ Chí Minh,CNTT / Lập Trình,Cuối Tuần,Công Nghệ
34.0,Huế,Y Tế / Chăm Sóc,Online (Linh Hoạt),Sức Khỏe / Y Tế
28.0,Huế,Tổ Chức Sự Kiện / Quản Lý,Buổi Sáng,Cộng Đồng / Xã Hội
22.0,Hà Nội,Ngoại Ngữ / Dịch Thuật,Cuối Tuần,Phiên Dịch / Ngôn Ngữ
26.0,Hồ Chí Minh,Y Tế / Chăm Sóc,Online (Linh Hoạt),Sức Khỏe / Y Tế
20.0,Bắc Ninh,CNTT / Lập Trình,Buổi Sáng,Công Nghệ
25.0,Cần Thơ,"Marketing, Truyền Thông",Buổi Tối,Cộng Đồng / Xã Hội
29.0,Thái Nguyên,Tổ Chức Sự Kiện / Quản Lý,Online (Linh Hoạt),Cộng Đồng / Xã Hội
19.0,Hà Nội,"Nấu ăn, phục vụ",Cuối Tuần,Ẩm thực
26.0,Thái Nguyên,Thiết Kế,Online (Linh Hoạt),Nghệ Thuật
22.0,Hồ Chí Minh,CNTT / Lập Trình,Cuối Tuần,Công Nghệ
30.0,Hà Nội,"Giao Tiếp, Hướng dẫn du lịch",Buổi Sáng,Du lịch
24.0,Huế,"Viết nội dung, truyền thông",Online (Linh Hoạt),Truyền Thông
21.0,Hà Nội,"Quay phim, dựng video",Online (Linh Hoạt),Phim ảnh
28.0,Hải Phòng,CNTT / Lập Trình,Online (Linh Hoạt),Công Nghệ
19.0,Hà Nội,Giao Tiếp,Cuối Tuần,Cộng Đồng / Xã Hội
19.0,Hà Nội,Nấu ăn,Cuối Tuần,Cộng Đồng / Xã Hội
26.0,Đà Nẵng,Thiết Kế,Online (Linh Hoạt),Nghệ thuật
22.0,Hồ Chí Minh,CNTT / Lập Trình,Buổi Sáng,Công Nghệ
30.0,Cần Thơ,"Giao Tiếp, Hướng dẫn du lịch",Buổi Sáng,Du lịch
24.0,Huế,"Viết nội dung, truyền thông",Buổi Tối,Truyền Thông
21.0,Hà Nội,"quay phim, dựng video",Online (Linh Hoạt),Cộng Đồng / Xã Hội
28.0,Thái Nguyên,CNTT / Lập Trình,Online (Linh Hoạt),Công Nghệ
25.0,Hải Phòng,Tổ Chức Sự Kiện / Quản Lý,Buổi Chiều,Cộng Đồng / Xã Hội
23.0,Nha Trang,"Giao Tiếp, Tư Vấn",Buổi Tối,Cộng Đồng / Xã Hội
18.0,Huế,"Thủ Công, Sáng Tạo",Buổi Sáng,Nghệ Thuật
22.0,Hồ Chí Minh,"Tổ Chức Sự Kiện / Quản Lý, Kỹ Thuật Điện Tử",Online (Linh Hoạt),Khoa Học
22.0,Hồ Chí Minh,"Nghiên Cứu, Thống kê",Cuối Tuần,Cộng Đồng / Xã Hội
27.0,Thái Nguyên,Y Tế / Chăm Sóc,Cuối Tuần,Sức Khỏe / Y Tế
20.0,Hồ Chí Minh,"Phân tích tài chính, Kế toán",Buổi Tối,Kinh Tế
24.0,Hà Nội,Tổ Chức Sự Kiện / Quản Lý,Buổi Sáng,Cộng Đồng / Xã Hội
29.0,Huế,CNTT / Lập Trình,Online (Linh Hoạt),Công Nghệ
33.0,Huế,Giáo Dục / Giảng Dạy,Cuối Tuần,Giáo Dục
26.0,Bắc Ninh,Thiết Kế,Buổi Chiều,Môi Trường
23.0,Hà Nội,CNTT / Lập Trình,Online (Linh Hoạt),Trí Tuệ Nhân Tạo
27.0,Đà Nẵng,Marketing,Cuối Tuần,Cộng Đồng / Xã Hội
21.0,Hồ Chí Minh,Thiết Kế,Buổi Tối,Cộng Đồng / Xã Hội
34.0,Bắc Ninh,Ngoại Ngữ / Dịch Thuật,Online (Linh Hoạt),Phiên Dịch / Ngôn Ngữ
25.0,Huế,Giáo Dục / Giảng Dạy,Online (Linh Hoạt),Giáo Dục
22.0,Hà Nội,CNTT / Lập Trình,Cuối Tuần,Công Nghệ
22.0,Lào Cai,Giáo Dục / Giảng Dạy,Cuối Tuần,Giáo Dục
26.0,Hà Nội,"Tổ Chức Sự Kiện / Quản Lý, Truyền Thông",Buổi Sáng,Cộng Đồng / Xã Hội
28.0,Hải Phòng,"Làm video, chỉnh sửa ảnh",Online (Linh Hoạt),Nghệ thuật
24.0,Bắc Ninh,CNTT / Lập Trình,Buổi Tối,Công Nghệ
30.0,Phú Thọ,"Thiết Kế, Quảng cáo",Buổi Sáng,Cộng Đồng / Xã Hội
20.0,Thanh Hóa,Tổ Chức Sự Kiện / Quản Lý,Cuối Tuần,Cộng Đồng / Xã Hội
23.0,Nghệ An,"Kế toán, Tài Chính",Buổi Sáng,Cộng Đồng / Xã Hội
25.0,Hà Tĩnh,Truyền Thông,Buổi Tối,Kinh Tế
27.0,Quảng Trị,"Giao Tiếp, Hướng dẫn du lịch",Online (Linh Hoạt),Giáo Dục
29.0,Huế,"Thiết Kế, Marketing",Buổi Sáng,Nghệ thuật
18.0,Đà Nẵng,CNTT / Lập Trình,Buổi Tối,Công Nghệ
21.0,Đà Nẵng,"Chụp ảnh, quay phim",Buổi Sáng,Nghệ thuật
24.0,Quảng Ngãi,Viết nội dung,Online (Linh Hoạt),Cộng Đồng / Xã Hội
28.0,Gia Lai,Tổ Chức Sự Kiện / Quản Lý,Cuối Tuần,Truyền Thông
32.0,Hồ Chí Minh,Tổ Chức Sự Kiện / Quản Lý,Buổi Sáng,Du lịch
23.0,Khánh Hòa,Y Tế / Chăm Sóc,Cuối Tuần,Sức Khỏe / Y Tế
25.0,Ninh Thuận,Thiết Kế,Cuối Tuần,Sức Khỏe / Y Tế
29.0,Bình Thuận,Y Tế / Chăm Sóc,Online (Linh Hoạt),Sức Khỏe / Y Tế
20.0,Lâm Đồng,"Ngoại Ngữ / Dịch Thuật, hướng dẫn viên",Buổi Tối,Du Lịch
34.0,Lâm Đồng,CNTT / Lập Trình,Buổi Sáng,Nông Nghiệp
27.0,Hồ Chí Minh,Ngoại Ngữ / Dịch Thuật,Cuối Tuần,Du Lịch
19.0,Gia Lai,chăm sóc môi trường,Buổi Sáng,Môi Trường
22.0,Quảng Ngãi,Giáo Dục / Giảng Dạy,Buổi Sáng,Giáo Dục
26.0,Lâm Đồng,"Thiết Kế, Truyền Thông",Cuối Tuần,Môi Trường
30.0,Lâm Đồng,CNTT / Lập Trình,Online (Linh Hoạt),Công Nghệ
35.0,Đồng Lai,Tổ Chức Sự Kiện / Quản Lý,Buổi Tối,Cộng Đồng / Xã Hội
21.0,Cần Thơ,Nấu Ăn,Cuối Tuần,Cộng Đồng / Xã Hội
25.0,An Giang,"Viết Bài, Chụp ảnh sự kiện",Buổi Sáng,Cộng Đồng / Xã Hội
27.0,An Giang,CNTT / Lập Trình,Online (Linh Hoạt),Công Nghệ
33.0,Cần Thơ,"kế toán, quản lý quỹ",Buổi Tối,Cộng Đồng / Xã Hội
29.0,Cà Mau,Tổ Chức Sự Kiện / Quản Lý,Buổi Sáng,Giáo Dục
25.0,Hồ Chí Minh,"marketing, truyền thông",cuối tuần,du lịch
21.0,Hà Nội,Thiết Kế,Cuối Tuần,Cộng Đồng / Xã Hội
39.0,Bình Dương,thiết kế,cuối tuần,"truyền thông, nghệ thuật"
27.0,Hải Phòng,"chăm sóc, sơ cứu, hỗ trợ bệnh nhân",ban ngày,"sức khỏe, cộng đồng"
20.0,Nghệ An,"dạy học, hỗ trợ học sinh",cuối tuần,"cộng đồng, trẻ em"
38.0,Đồng Nai,"giao tiếp, dạy học",cuối tuần,"cộng đồng, trẻ em"
29.0,Bà Rịa - Vũng Tàu,"hỗ trợ học sinh, tổ chức lớp học, dạy học",ban ngày,"trẻ em, giáo dục"
23.0,Nghệ An,quản trị hệ thống,online,đổi mới
39.0,Bình Dương,"giao tiếp, ngoại ngữ",linh hoạt,văn hóa
29.0,TP. Hồ Chí Minh,"kế toán, bán hàng",ban ngày,kinh doanh
35.0,Bình Dương,"bảo tồn, làm vườn",cuối tuần,môi trường
21.0,Khánh Hòa,MC,cuối tuần,truyền thông
31.0,Quảng Nam,"y tế, hỗ trợ bệnh nhân, sơ cứu",ban ngày,sức khỏe
21.0,Long An,trồng cây,cuối tuần,"môi trường, thiện nguyện"
29.0,Đắk Lắk,ngoại ngữ,cuối tuần,"du lịch, văn hóa"
37.0,Bình Dương,"giao tiếp, dạy học, tổ chức lớp học",ban ngày,"giáo dục, cộng đồng"
31.0,Lào Cai,"hỗ trợ bệnh nhân, chăm sóc",ban ngày,sức khỏe
33.0,Bà Rịa - Vũng Tàu,"lập trình, quản trị hệ thống, thiết kế UI",buổi tối,khoa học
18.0,Phú Yên,quay phim,linh hoạt,nghệ thuật
24.0,Huế,"tổ chức lớp học, dạy học, hỗ trợ học sinh",ban ngày,"giáo dục, cộng đồng"
36.0,Phú Yên,marketing,cuối tuần,"cộng đồng, truyền thông"
34.0,Bình Dương,viết nội dung,linh hoạt,"nghệ thuật, truyền thông"
30.0,Quảng Ngãi,"chụp ảnh, quay phim",linh hoạt,"nghệ thuật, truyền thông"
32.0,Bắc Giang,"thiết kế UI, lập trình, quản trị hệ thống",online,"đổi mới, công nghệ"
30.0,Bình Định,"thiết kế, chụp ảnh, quay phim",linh hoạt,nghệ thuật
36.0,Trà Vinh,MC,cuối tuần,"truyền thông, cộng đồng"
28.0,Bình Định,"kế toán, phân tích tài chính, quản lý dự án",ban ngày,kinh doanh
32.0,Trà Vinh,viết nội dung,cuối tuần,truyền thông
24.0,Hải Phòng,"MC, tổ chức sự kiện, viết nội dung",cuối tuần,truyền thông
28.0,Hải Phòng,chăm sóc,ban ngày,"sức khỏe, cộng đồng"
23.0,Hải Phòng,tổ chức lớp học,ban ngày,cộng đồng
32.0,Khánh Hòa,"bảo tồn, trồng cây, kỹ thuật nông nghiệp",cuối tuần,"thiện nguyện, môi trường"
34.0,Đắk Lắk,"hướng dẫn, giao tiếp, tổ chức tour",linh hoạt,văn hóa
18.0,Hải Phòng,hỗ trợ bệnh nhân,ban ngày,"cộng đồng, sức khỏe"
23.0,Quảng Nam,giao tiếp,cuối tuần,"trẻ em, giáo dục"
20.0,Kiên Giang,thiết kế,cuối tuần,nghệ thuật
23.0,Quảng Nam,"sơ cứu, chăm sóc",ban ngày,"cộng đồng, sức khỏe"
24.0,Bà Rịa - Vũng Tàu,"phân tích dữ liệu, lập trình",buổi tối,"công nghệ, đổi mới"
21.0,Bà Rịa - Vũng Tàu,"ngoại ngữ, hướng dẫn",linh hoạt,du lịch
30.0,Lào Cai,"trồng cây, kỹ thuật nông nghiệp",cuối tuần,"thiện nguyện, môi trường"
25.0,Quảng Ninh,"quay phim, chụp ảnh, thiết kế",linh hoạt,"truyền thông, nghệ thuật"
32.0,Bình Dương,"MC, viết nội dung",cuối tuần,"cộng đồng, truyền thông"
33.0,Sóc Trăng,phân tích tài chính,ban ngày,"kinh doanh, lãnh đạo"
35.0,Quảng Ninh,quản trị hệ thống,buổi tối,"đổi mới, công nghệ"
24.0,Trà Vinh,"quản trị hệ thống, phân tích dữ liệu",buổi tối,đổi mới
34.0,Sóc Trăng,"giao tiếp, hướng dẫn",linh hoạt,du lịch
18.0,Trà Vinh,"marketing, viết nội dung",cuối tuần,"truyền thông, cộng đồng"
33.0,Cần Thơ,hỗ trợ bệnh nhân,ban ngày,"sức khỏe, cộng đồng"
33.0,Phú Yên,tổ chức lớp học,cuối tuần,"trẻ em, giáo dục"
37.0,Gia Lai,trồng cây,cuối tuần,"môi trường, thiện nguyện"
40.0,Khánh Hòa,"bảo tồn, kỹ thuật nông nghiệp, trồng cây",cuối tuần,thiện nguyện
21.0,Trà Vinh,kỹ thuật nông nghiệp,cuối tuần,môi trường
40.0,Phú Yên,giao tiếp,linh hoạt,văn hóa
37.0,An Giang,viết nội dung,linh hoạt,nghệ thuật
22.0,Bà Rịa - Vũng Tàu,bảo tồn,cuối tuần,thiện nguyện
34.0,Nghệ An,giao tiếp,linh hoạt,"du lịch, văn hóa"
37.0,Hải Phòng,"bảo tồn, trồng cây",cuối tuần,"môi trường, thiện nguyện"
39.0,TP. Hồ Chí Minh,"hỗ trợ bệnh nhân, chăm sóc",ban ngày,sức khỏe
19.0,Huế,"lập trình, quản trị hệ thống",buổi tối,khoa học
33.0,Hà Nội,MC,cuối tuần,cộng đồng
18.0,Hà Nội,phân tích dữ liệu,online,khoa học
25.0,Phú Yên,"giao tiếp, hướng dẫn, tổ chức tour",cuối tuần,"du lịch, văn hóa"
27.0,Long An,"quay phim, viết nội dung",linh hoạt,"nghệ thuật, truyền thông"
19.0,Thanh Hóa,"lập trình, thiết kế UI",buổi tối,"khoa học, công nghệ"
23.0,Thanh Hóa,chụp ảnh,cuối tuần,nghệ thuật
29.0,Cần Thơ,chụp ảnh,linh hoạt,nghệ thuật
31.0,Bà Rịa - Vũng Tàu,"viết nội dung, thiết kế",cuối tuần,truyền thông
38.0,Bà Rịa - Vũng Tàu,"tổ chức lớp học, giao tiếp, hỗ trợ học sinh",cuối tuần,cộng đồng
26.0,Cần Thơ,"viết nội dung, MC",cuối tuần,truyền thông
32.0,Thanh Hóa,"kế toán, quản lý dự án, phân tích tài chính",ban ngày,"kinh doanh, lãnh đạo"
39.0,Nghệ An,"chăm sóc, sơ cứu",ban ngày,cộng đồng
24.0,Bình Định,lập trình,buổi tối,công nghệ
40.0,Quảng Ninh,"marketing, MC, viết nội dung",cuối tuần,truyền thông
40.0,Khánh Hòa,"bán hàng, quản lý dự án",ban ngày,"lãnh đạo, kinh doanh"
20.0,Bà Rịa - Vũng Tàu,"chụp ảnh, thiết kế",cuối tuần,truyền thông
22.0,Thanh Hóa,chụp ảnh,cuối tuần,truyền thông
21.0,An Giang,"làm vườn, kỹ thuật nông nghiệp",cuối tuần,thiện nguyện
30.0,Khánh Hòa,hướng dẫn,linh hoạt,văn hóa
21.0,Sóc Trăng,bán hàng,ban ngày,lãnh đạo
31.0,TP. Hồ Chí Minh,viết nội dung,cuối tuần,"truyền thông, nghệ thuật"
31.0,Khánh Hòa,"tổ chức sự kiện, marketing, MC",cuối tuần,"truyền thông, cộng đồng"
38.0,Phú Yên,"phân tích dữ liệu, lập trình, quản trị hệ thống",buổi tối,đổi mới
29.0,Quảng Ngãi,giao tiếp,cuối tuần,cộng đồng
26.0,Nghệ An,"hỗ trợ học sinh, tổ chức lớp học, giao tiếp",ban ngày,cộng đồng
23.0,TP. Hồ Chí Minh,viết nội dung,linh hoạt,"truyền thông, nghệ thuật"
27.0,Nghệ An,tổ chức lớp học,ban ngày,giáo dục
31.0,Quảng Ngãi,"viết nội dung, chụp ảnh, quay phim",linh hoạt,nghệ thuật
26.0,Phú Yên,"chụp ảnh, viết nội dung",linh hoạt,"truyền thông, nghệ thuật"
25.0,Bà Rịa - Vũng Tàu,"bán hàng, quản lý dự án, phân tích tài chính",ban ngày,kinh doanh
25.0,Quảng Ngãi,giao tiếp,cuối tuần,giáo dục
19.0,Bình Dương,"tổ chức lớp học, giao tiếp",cuối tuần,cộng đồng
30.0,Đà Nẵng,marketing,cuối tuần,cộng đồng
29.0,TP. Hồ Chí Minh,"giao tiếp, tổ chức lớp học, hỗ trợ học sinh",cuối tuần,giáo dục
36.0,Huế,"kế toán, bán hàng",ban ngày,"lãnh đạo, kinh doanh"
37.0,Long An,dạy học,ban ngày,"trẻ em, cộng đồng"
20.0,Sóc Trăng,hỗ trợ học sinh,ban ngày,"giáo dục, cộng đồng"
24.0,Hải Phòng,"quản trị hệ thống, phân tích dữ liệu",buổi tối,đổi mới
28.0,Hải Phòng,"phân tích tài chính, kế toán, bán hàng",ban ngày,"kinh doanh, lãnh đạo"
25.0,An Giang,tổ chức tour,linh hoạt,"du lịch, văn hóa"
22.0,Thanh Hóa,"chăm sóc, sơ cứu, hỗ trợ bệnh nhân",ban ngày,cộng đồng
18.0,Gia Lai,"tổ chức lớp học, hỗ trợ học sinh, dạy học",cuối tuần,cộng đồng
34.0,Bình Dương,làm vườn,cuối tuần,thiện nguyện
27.0,TP. Hồ Chí Minh,lập trình,online,"đổi mới, khoa học"
31.0,Huế,phân tích tài chính,ban ngày,kinh doanh
24.0,Khánh Hòa,"marketing, MC",cuối tuần,truyền thông
40.0,An Giang,"tổ chức tour, hướng dẫn",linh hoạt,văn hóa
25.0,Kiên Giang,"chụp ảnh, quay phim, viết nội dung",cuối tuần,"truyền thông, nghệ thuật"
22.0,Nghệ An,"chụp ảnh, thiết kế",linh hoạt,"nghệ thuật, truyền thông"
27.0,Hà Nội,"phân tích dữ liệu, thiết kế UI, lập trình",online,"công nghệ, đổi mới"
40.0,Long An,"marketing, tổ chức sự kiện",cuối tuần,truyền thông
34.0,Quảng Nam,"bảo tồn, làm vườn, trồng cây",cuối tuần,"thiện nguyện, môi trường"
32.0,Bà Rịa - Vũng Tàu,"quản lý dự án, kế toán, bán hàng",ban ngày,kinh doanh
29.0,Thanh Hóa,hướng dẫn,cuối tuần,du lịch
38.0,Bắc Giang,"trồng cây, bảo tồn, kỹ thuật nông nghiệp",cuối tuần,môi trường
19.0,Nghệ An,"quản lý dự án, bán hàng",ban ngày,kinh doanh
21.0,Thanh Hóa,"bán hàng, quản lý dự án",ban ngày,"kinh doanh, lãnh đạo"
30.0,Trà Vinh,"phân tích dữ liệu, lập trình",online,khoa học
29.0,Bình Dương,bảo tồn,cuối tuần,thiện nguyện
31.0,Kiên Giang,hỗ trợ bệnh nhân,ban ngày,cộng đồng
38.0,Phú Yên,"sơ cứu, hỗ trợ bệnh nhân",ban ngày,"sức khỏe, cộng đồng"
40.0,Thanh Hóa,tổ chức tour,linh hoạt,du lịch
28.0,An Giang,"quản trị hệ thống, thiết kế UI, lập trình",online,"công nghệ, đổi mới"
30.0,Đồng Nai,viết nội dung,cuối tuần,"cộng đồng, truyền thông"
27.0,Huế,"hỗ trợ học sinh, dạy học, giao tiếp",cuối tuần,"giáo dục, trẻ em"
24.0,Quảng Ngãi,sơ cứu,ban ngày,cộng đồng
26.0,Thanh Hóa,"tổ chức tour, ngoại ngữ, giao tiếp",linh hoạt,"văn hóa, du lịch"
21.0,Nghệ An,"bảo tồn, kỹ thuật nông nghiệp",cuối tuần,"môi trường, thiện nguyện"
31.0,An Giang,"giao tiếp, tổ chức lớp học",cuối tuần,"cộng đồng, trẻ em"
38.0,Cần Thơ,"phân tích dữ liệu, thiết kế UI",buổi tối,"khoa học, đổi mới"
39.0,Lào Cai,"phân tích tài chính, kế toán, quản lý dự án",ban ngày,lãnh đạo
37.0,Hải Phòng,"sơ cứu, hỗ trợ bệnh nhân, chăm sóc",ban ngày,cộng đồng
40.0,Bắc Giang,kỹ thuật nông nghiệp,cuối tuần,môi trường
32.0,Cần Thơ,"hỗ trợ bệnh nhân, chăm sóc",ban ngày,sức khỏe
34.0,Đắk Lắk,trồng cây,cuối tuần,môi trường
29.0,Kiên Giang,"ngoại ngữ, tổ chức tour, giao tiếp",linh hoạt,"văn hóa, du lịch"
35.0,Bắc Giang,"tổ chức sự kiện, viết nội dung, MC",cuối tuần,"cộng đồng, truyền thông"
34.0,Quảng Ninh,dạy học,ban ngày,giáo dục
32.0,Bình Dương,"viết nội dung, tổ chức sự kiện, marketing",cuối tuần,"cộng đồng, truyền thông"
30.0,Quảng Nam,"hỗ trợ học sinh, tổ chức lớp học",ban ngày,cộng đồng
19.0,Trà Vinh,"hỗ trợ bệnh nhân, sơ cứu",ban ngày,"sức khỏe, cộng đồng"
36.0,Hải Phòng,"tổ chức tour, ngoại ngữ, hướng dẫn",linh hoạt,du lịch
33.0,TP. Hồ Chí Minh,quay phim,cuối tuần,truyền thông
27.0,Đắk Lắk,"tổ chức tour, giao tiếp",cuối tuần,du lịch
35.0,Quảng Ninh,quản lý dự án,ban ngày,"lãnh đạo, kinh doanh"
37.0,Quảng Ngãi,thiết kế,linh hoạt,"truyền thông, nghệ thuật"
19.0,Hải Phòng,"tổ chức tour, hướng dẫn, ngoại ngữ",cuối tuần,"du lịch, văn hóa"
40.0,Lào Cai,"phân tích dữ liệu, thiết kế UI",buổi tối,"khoa học, công nghệ"
39.0,Lào Cai,"sơ cứu, chăm sóc, y tế",ban ngày,sức khỏe
25.0,Quảng Nam,"dạy học, giao tiếp",ban ngày,"giáo dục, trẻ em"
38.0,Hải Phòng,"quản lý dự án, bán hàng, phân tích tài chính",ban ngày,kinh doanh
40.0,Khánh Hòa,"tổ chức lớp học, giao tiếp, dạy học",cuối tuần,"trẻ em, cộng đồng"
36.0,Nghệ An,"hỗ trợ học sinh, dạy học, tổ chức lớp học",cuối tuần,giáo dục
31.0,An Giang,"chăm sóc, sơ cứu",ban ngày,"sức khỏe, cộng đồng"
27.0,Quảng Nam,"viết nội dung, marketing, MC",cuối tuần,"truyền thông, cộng đồng"
21.0,Quảng Nam,"bảo tồn, kỹ thuật nông nghiệp, làm vườn",cuối tuần,môi trường
38.0,Gia Lai,"thiết kế, quay phim",cuối tuần,nghệ thuật
28.0,Đồng Nai,quản trị hệ thống,online,khoa học
22.0,TP. Hồ Chí Minh,"lập trình, quản trị hệ thống, phân tích dữ liệu",buổi tối,"công nghệ, khoa học"
39.0,Kiên Giang,sơ cứu,ban ngày,cộng đồng
31.0,Đắk Lắk,"hướng dẫn, ngoại ngữ",linh hoạt,"du lịch, văn hóa"
32.0,Sóc Trăng,"tổ chức lớp học, hỗ trợ học sinh, giao tiếp",ban ngày,giáo dục
36.0,Kiên Giang,"ngoại ngữ, giao tiếp",cuối tuần,"văn hóa, du lịch"
21.0,Thanh Hóa,"hướng dẫn, ngoại ngữ, giao tiếp",linh hoạt,"văn hóa, du lịch"
18.0,An Giang,"phân tích tài chính, bán hàng",ban ngày,kinh doanh
39.0,Bà Rịa - Vũng Tàu,"thiết kế UI, phân tích dữ liệu",buổi tối,đổi mới
36.0,Huế,"tổ chức tour, hướng dẫn, giao tiếp",cuối tuần,văn hóa
26.0,Thanh Hóa,"tổ chức tour, ngoại ngữ",linh hoạt,du lịch
21.0,Bình Dương,marketing,cuối tuần,cộng đồng
24.0,Sóc Trăng,bán hàng,ban ngày,"kinh doanh, lãnh đạo"
37.0,Quảng Nam,"quay phim, chụp ảnh, thiết kế",cuối tuần,"truyền thông, nghệ thuật"
26.0,Huế,viết nội dung,cuối tuần,truyền thông
32.0,Quảng Ninh,"giao tiếp, ngoại ngữ",linh hoạt,du lịch
23.0,An Giang,"trồng cây, kỹ thuật nông nghiệp, bảo tồn",cuối tuần,môi trường
36.0,Đà Nẵng,kỹ thuật nông nghiệp,cuối tuần,"môi trường, thiện nguyện"
35.0,Sóc Trăng,hỗ trợ bệnh nhân,ban ngày,"cộng đồng, sức khỏe"
26.0,Huế,"tổ chức tour, giao tiếp, ngoại ngữ",cuối tuần,văn hóa
34.0,An Giang,"dạy học, tổ chức lớp học, hỗ trợ học sinh",cuối tuần,cộng đồng
40.0,TP. Hồ Chí Minh,giao tiếp,linh hoạt,văn hóa
34.0,Phú Yên,"phân tích dữ liệu, thiết kế UI",online,"công nghệ, đổi mới"
31.0,Quảng Nam,ngoại ngữ,linh hoạt,du lịch
30.0,An Giang,"dạy học, hỗ trợ học sinh",ban ngày,trẻ em
34.0,Huế,quản lý dự án,ban ngày,kinh doanh
33.0,Cần Thơ,"quay phim, thiết kế",linh hoạt,"truyền thông, nghệ thuật"
23.0,Kiên Giang,tổ chức lớp học,ban ngày,trẻ em
33.0,Long An,chăm sóc,ban ngày,sức khỏe
33.0,Huế,kỹ thuật nông nghiệp,cuối tuần,môi trường
21.0,Bà Rịa - Vũng Tàu,"bảo tồn, làm vườn",cuối tuần,"môi trường, thiện nguyện"
36.0,Quảng Nam,"phân tích dữ liệu, lập trình",buổi tối,khoa học
30.0,Khánh Hòa,"hỗ trợ học sinh, tổ chức lớp học",ban ngày,"giáo dục, cộng đồng"
29.0,TP. Hồ Chí Minh,"viết nội dung, MC, marketing",cuối tuần,cộng đồng
28.0,Thanh Hóa,"kỹ thuật nông nghiệp, bảo tồn, trồng cây",cuối tuần,môi trường
40.0,Quảng Ninh,hỗ trợ bệnh nhân,ban ngày,sức khỏe
22.0,Hải Phòng,hỗ trợ bệnh nhân,ban ngày,cộng đồng
20.0,Khánh Hòa,"marketing, tổ chức sự kiện, viết nội dung",cuối tuần,"truyền thông, cộng đồng"
24.0,Khánh Hòa,marketing,cuối tuần,"cộng đồng, truyền thông"
32.0,Quảng Nam,trồng cây,cuối tuần,thiện nguyện
20.0,Thanh Hóa,"dạy học, tổ chức lớp học",ban ngày,"trẻ em, giáo dục"
31.0,Long An,làm vườn,cuối tuần,"thiện nguyện, môi trường"
34.0,Thanh Hóa,"dạy học, giao tiếp, tổ chức lớp học",ban ngày,"giáo dục, trẻ em"
32.0,Bà Rịa - Vũng Tàu,phân tích dữ liệu,buổi tối,"đổi mới, công nghệ"
25.0,Đồng Nai,"dạy học, giao tiếp, tổ chức lớp học",cuối tuần,giáo dục
40.0,Lào Cai,"trồng cây, bảo tồn",cuối tuần,thiện nguyện
19.0,Bình Định,"sơ cứu, chăm sóc, y tế",ban ngày,sức khỏe
30.0,Kiên Giang,"quản lý dự án, phân tích tài chính, bán hàng",ban ngày,"kinh doanh, lãnh đạo"
18.0,Đà Nẵng,marketing,cuối tuần,"truyền thông, cộng đồng"
28.0,Quảng Ninh,marketing,cuối tuần,"truyền thông, cộng đồng"
29.0,Đồng Nai,marketing,cuối tuần,"truyền thông, cộng đồng"
22.0,Trà Vinh,"kế toán, phân tích tài chính, bán hàng",ban ngày,kinh doanh
34.0,Đắk Lắk,phân tích tài chính,ban ngày,"kinh doanh, lãnh đạo"
38.0,Sóc Trăng,"viết nội dung, quay phim, chụp ảnh",linh hoạt,"truyền thông, nghệ thuật"
32.0,Phú Yên,"phân tích dữ liệu, thiết kế UI",online,"khoa học, công nghệ"
19.0,Nghệ An,"quản lý dự án, kế toán, phân tích tài chính",ban ngày,kinh doanh
27.0,Kiên Giang,ngoại ngữ,cuối tuần,du lịch
33.0,Quảng Ngãi,"chăm sóc, sơ cứu",ban ngày,"cộng đồng, sức khỏe"
23.0,Hải Phòng,"trồng cây, làm vườn, kỹ thuật nông nghiệp",cuối tuần,thiện nguyện
40.0,Huế,"bán hàng, quản lý dự án",ban ngày,lãnh đạo
36.0,Quảng Nam,"giao tiếp, dạy học",cuối tuần,"cộng đồng, trẻ em"
38.0,Khánh Hòa,"giao tiếp, tổ chức lớp học",cuối tuần,"cộng đồng, trẻ em"
34.0,Phú Yên,"phân tích tài chính, bán hàng, kế toán",ban ngày,"kinh doanh, lãnh đạo"
28.0,Khánh Hòa,marketing,cuối tuần,truyền thông
21.0,Huế,"chăm sóc, y tế, sơ cứu",ban ngày,"sức khỏe, cộng đồng"
25.0,Huế,"y tế, chăm sóc",ban ngày,sức khỏe
32.0,Hải Phòng,"chụp ảnh, quay phim",cuối tuần,"nghệ thuật, truyền thông"
26.0,Long An,"chăm sóc, sơ cứu",ban ngày,"sức khỏe, cộng đồng"
39.0,Thanh Hóa,"viết nội dung, chụp ảnh, thiết kế",cuối tuần,"truyền thông, nghệ thuật"
19.0,TP. Hồ Chí Minh,chăm sóc,ban ngày,"cộng đồng, sức khỏe"
24.0,Đà Nẵng,giao tiếp,ban ngày,trẻ em
19.0,Quảng Nam,quản lý dự án,ban ngày,"lãnh đạo, kinh doanh"
24.0,Long An,giao tiếp,ban ngày,"cộng đồng, giáo dục"
22.0,Cần Thơ,"tổ chức sự kiện, marketing, viết nội dung",cuối tuần,"cộng đồng, truyền thông"
29.0,Khánh Hòa,làm vườn,cuối tuần,"thiện nguyện, môi trường"
20.0,Long An,"phân tích dữ liệu, quản trị hệ thống",buổi tối,công nghệ
40.0,Bắc Giang,"bán hàng, kế toán",ban ngày,"lãnh đạo, kinh doanh"
34.0,Đồng Nai,"tổ chức tour, hướng dẫn",cuối tuần,"văn hóa, du lịch"
37.0,Quảng Ninh,"quản lý dự án, kế toán, phân tích tài chính",ban ngày,"kinh doanh, lãnh đạo"
25.0,Đắk Lắk,hỗ trợ bệnh nhân,ban ngày,"sức khỏe, cộng đồng"
27.0,Bắc Giang,"kỹ thuật nông nghiệp, làm vườn, bảo tồn",cuối tuần,"môi trường, thiện nguyện"
30.0,Sóc Trăng,bảo tồn,cuối tuần,thiện nguyện
36.0,Quảng Nam,"dạy học, tổ chức lớp học",ban ngày,"cộng đồng, giáo dục"
36.0,TP. Hồ Chí Minh,"làm vườn, bảo tồn",cuối tuần,môi trường
33.0,Quảng Ngãi,MC,cuối tuần,"cộng đồng, truyền thông"
30.0,Đà Nẵng,"dạy học, hỗ trợ học sinh",cuối tuần,giáo dục
32.0,Quảng Ngãi,"viết nội dung, quay phim, chụp ảnh",cuối tuần,truyền thông
36.0,Nghệ An,hỗ trợ học sinh,cuối tuần,"giáo dục, trẻ em"
31.0,Hà Nội,"chụp ảnh, quay phim",cuối tuần,nghệ thuật
26.0,Phú Yên,tổ chức lớp học,ban ngày,giáo dục
34.0,Hà Nội,"hỗ trợ học sinh, giao tiếp",cuối tuần,giáo dục
25.0,An Giang,"sơ cứu, y tế, hỗ trợ bệnh nhân",ban ngày,"sức khỏe, cộng đồng"
19.0,Phú Yên,"làm vườn, trồng cây, kỹ thuật nông nghiệp",cuối tuần,"thiện nguyện, môi trường"
23.0,Đà Nẵng,giao tiếp,cuối tuần,"trẻ em, cộng đồng"
24.0,Khánh Hòa,"chụp ảnh, viết nội dung, quay phim",cuối tuần,"truyền thông, nghệ thuật"
36.0,Kiên Giang,trồng cây,cuối tuần,"thiện nguyện, môi trường"
33.0,Bắc Giang,"viết nội dung, marketing",cuối tuần,"truyền thông, cộng đồng"
22.0,Long An,"kỹ thuật nông nghiệp, trồng cây",cuối tuần,thiện nguyện
20.0,Kiên Giang,bán hàng,ban ngày,lãnh đạo
32.0,Nghệ An,giao tiếp,cuối tuần,trẻ em
19.0,Thanh Hóa,viết nội dung,cuối tuần,cộng đồng
27.0,Gia Lai,"tổ chức lớp học, giao tiếp",ban ngày,"giáo dục, trẻ em"
19.0,Thanh Hóa,bán hàng,ban ngày,"kinh doanh, lãnh đạo"
33.0,Gia Lai,lập trình,online,đổi mới
29.0,Khánh Hòa,"hỗ trợ học sinh, giao tiếp, tổ chức lớp học",ban ngày,"cộng đồng, trẻ em"
22.0,Bình Dương,"kỹ thuật nông nghiệp, trồng cây",cuối tuần,"thiện nguyện, môi trường"
24.0,Đắk Lắk,"bảo tồn, trồng cây, kỹ thuật nông nghiệp",cuối tuần,thiện nguyện
34.0,Phú Yên,"hỗ trợ học sinh, dạy học",cuối tuần,"cộng đồng, trẻ em"
30.0,Thanh Hóa,sơ cứu,ban ngày,cộng đồng
34.0,Bà Rịa - Vũng Tàu,"quản lý dự án, kế toán",ban ngày,"lãnh đạo, kinh doanh"
35.0,Sóc Trăng,bán hàng,ban ngày,lãnh đạo
31.0,Thanh Hóa,"quản trị hệ thống, phân tích dữ liệu",online,"công nghệ, khoa học"
32.0,Gia Lai,dạy học,cuối tuần,"giáo dục, trẻ em"
39.0,Sóc Trăng,"hỗ trợ học sinh, tổ chức lớp học, dạy học",cuối tuần,"trẻ em, cộng đồng"
27.0,Gia Lai,"viết nội dung, quay phim, chụp ảnh",linh hoạt,truyền thông
22.0,Quảng Ngãi,"y tế, sơ cứu, chăm sóc",ban ngày,"sức khỏe, cộng đồng"
40.0,Nghệ An,"bán hàng, phân tích tài chính",ban ngày,"lãnh đạo, kinh doanh"
22.0,An Giang,chụp ảnh,linh hoạt,"nghệ thuật, truyền thông"
34.0,Đồng Nai,"tổ chức sự kiện, marketing",cuối tuần,truyền thông
23.0,Bình Dương,ngoại ngữ,linh hoạt,"du lịch, văn hóa"
26.0,Hà Nội,"viết nội dung, tổ chức sự kiện, MC",cuối tuần,cộng đồng
26.0,Hà Nội,"hỗ trợ học sinh, giao tiếp, dạy học",cuối tuần,"trẻ em, cộng đồng"
22.0,Gia Lai,thiết kế,linh hoạt,nghệ thuật
18.0,Kiên Giang,kỹ thuật nông nghiệp,cuối tuần,thiện nguyện
38.0,Khánh Hòa,viết nội dung,cuối tuần,nghệ thuật
18.0,Huế,"chăm sóc, y tế",ban ngày,sức khỏe
31.0,Huế,"dạy học, giao tiếp, tổ chức lớp học",ban ngày,trẻ em
20.0,Phú Yên,sơ cứu,ban ngày,cộng đồng
27.0,Quảng Ninh,"trồng cây, bảo tồn",cuối tuần,"thiện nguyện, môi trường"
21.0,Phú Yên,sơ cứu,ban ngày,"cộng đồng, sức khỏe"
29.0,Thanh Hóa,sơ cứu,ban ngày,"cộng đồng, sức khỏe"
22.0,Thanh Hóa,hỗ trợ học sinh,ban ngày,"trẻ em, cộng đồng"
18.0,Kiên Giang,tổ chức tour,cuối tuần,văn hóa
35.0,Quảng Ninh,"hỗ trợ học sinh, tổ chức lớp học, dạy học",ban ngày,giáo dục
19.0,Huế,"ngoại ngữ, giao tiếp, tổ chức tour",linh hoạt,"văn hóa, du lịch"
18.0,Cần Thơ,tổ chức sự kiện,cuối tuần,"cộng đồng, truyền thông"
19.0,Kiên Giang,"phân tích tài chính, bán hàng",ban ngày,"lãnh đạo, kinh doanh"
35.0,Thanh Hóa,"quay phim, thiết kế",linh hoạt,"truyền thông, nghệ thuật"
33.0,TP. Hồ Chí Minh,phân tích dữ liệu,buổi tối,"công nghệ, đổi mới"
23.0,Lào Cai,"thiết kế UI, quản trị hệ thống",online,đổi mới
36.0,Nghệ An,"hỗ trợ học sinh, tổ chức lớp học",cuối tuần,"giáo dục, cộng đồng"
30.0,Cần Thơ,thiết kế UI,buổi tối,"công nghệ, khoa học"
40.0,Khánh Hòa,tổ chức tour,cuối tuần,văn hóa
20.0,Gia Lai,chụp ảnh,linh hoạt,truyền thông
36.0,Cần Thơ,hỗ trợ bệnh nhân,ban ngày,"cộng đồng, sức khỏe"
30.0,Long An,"kỹ thuật nông nghiệp, trồng cây, bảo tồn",cuối tuần,môi trường
38.0,Huế,chăm sóc,ban ngày,"sức khỏe, cộng đồng"
31.0,Trà Vinh,"tổ chức lớp học, hỗ trợ học sinh, dạy học",cuối tuần,"giáo dục, trẻ em"
24.0,Hà Nội,"trồng cây, kỹ thuật nông nghiệp",cuối tuần,thiện nguyện
26.0,Khánh Hòa,"hỗ trợ học sinh, tổ chức lớp học",cuối tuần,giáo dục
30.0,Sóc Trăng,bảo tồn,cuối tuần,"thiện nguyện, môi trường"
18.0,Phú Yên,trồng cây,cuối tuần,thiện nguyện
21.0,Bình Định,hướng dẫn,cuối tuần,"văn hóa, du lịch"
33.0,Hải Phòng,làm vườn,cuối tuần,thiện nguyện
21.0,TP. Hồ Chí Minh,"bán hàng, phân tích tài chính, quản lý dự án",ban ngày,"lãnh đạo, kinh doanh"
32.0,Phú Yên,"giao tiếp, hỗ trợ học sinh",cuối tuần,trẻ em
32.0,Đồng Nai,"giao tiếp, tổ chức lớp học, dạy học",ban ngày,cộng đồng
26.0,Trà Vinh,kỹ thuật nông nghiệp,cuối tuần,"môi trường, thiện nguyện"
38.0,Hải Phòng,sơ cứu,ban ngày,"cộng đồng, sức khỏe"
32.0,Sóc Trăng,giao tiếp,cuối tuần,du lịch
26.0,Bắc Giang,"quay phim, chụp ảnh, viết nội dung",linh hoạt,nghệ thuật
36.0,Bình Định,"viết nội dung, thiết kế",cuối tuần,"truyền thông, nghệ thuật"
40.0,Bình Dương,bảo tồn,cuối tuần,"môi trường, thiện nguyện"
27.0,Hà Nội,"làm vườn, bảo tồn",cuối tuần,"môi trường, thiện nguyện"
19.0,An Giang,"chăm sóc, sơ cứu",ban ngày,"cộng đồng, sức khỏe"
27.0,Long An,"hỗ trợ học sinh, tổ chức lớp học, giao tiếp",cuối tuần,cộng đồng
22.0,Gia Lai,"phân tích dữ liệu, quản trị hệ thống, thiết kế UI",online,đổi mới
37.0,Bà Rịa - Vũng Tàu,thiết kế UI,buổi tối,"khoa học, công nghệ"
33.0,TP. Hồ Chí Minh,"giao tiếp, dạy học",cuối tuần,"giáo dục, cộng đồng"
35.0,Trà Vinh,dạy học,ban ngày,"giáo dục, trẻ em"
29.0,Huế,"bảo tồn, trồng cây",cuối tuần,"môi trường, thiện nguyện"
29.0,Long An,"quản lý dự án, bán hàng",ban ngày,"kinh doanh, lãnh đạo"
22.0,Quảng Nam,"hỗ trợ bệnh nhân, sơ cứu",ban ngày,"cộng đồng, sức khỏe"
33.0,Bà Rịa - Vũng Tàu,viết nội dung,cuối tuần,"truyền thông, nghệ thuật"
32.0,Quảng Ninh,"lập trình, thiết kế UI",buổi tối,đổi mới
33.0,Đà Nẵng,"sơ cứu, y tế, hỗ trợ bệnh nhân",ban ngày,sức khỏe
33.0,Quảng Ngãi,"kỹ thuật nông nghiệp, trồng cây",cuối tuần,môi trường
25.0,Bình Định,lập trình,online,"đổi mới, công nghệ"
28.0,Long An,"ngoại ngữ, giao tiếp",cuối tuần,du lịch
20.0,Khánh Hòa,"MC, tổ chức sự kiện",cuối tuần,cộng đồng
20.0,Đồng Nai,"tổ chức sự kiện, marketing",cuối tuần,"cộng đồng, truyền thông"
38.0,Đắk Lắk,quản lý dự án,ban ngày,"kinh doanh, lãnh đạo"
28.0,Đắk Lắk,"trồng cây, làm vườn",cuối tuần,"thiện nguyện, môi trường"
18.0,An Giang,"MC, tổ chức sự kiện",cuối tuần,truyền thông
29.0,An Giang,"lập trình, thiết kế UI, quản trị hệ thống",buổi tối,"công nghệ, khoa học"
36.0,Đà Nẵng,tổ chức lớp học,cuối tuần,"trẻ em, cộng đồng"
35.0,Quảng Ngãi,"giao tiếp, tổ chức tour",linh hoạt,du lịch
23.0,Hà Nội,"thiết kế UI, quản trị hệ thống, lập trình",online,"đổi mới, khoa học"
32.0,Quảng Ninh,phân tích tài chính,ban ngày,"lãnh đạo, kinh doanh"
39.0,Nghệ An,"quản lý dự án, phân tích tài chính, kế toán",ban ngày,lãnh đạo
40.0,Đà Nẵng,"kỹ thuật nông nghiệp, làm vườn, bảo tồn",cuối tuần,thiện nguyện
39.0,Hải Phòng,"quản lý dự án, kế toán, phân tích tài chính",ban ngày,kinh doanh
23.0,Gia Lai,"sơ cứu, hỗ trợ bệnh nhân, y tế",ban ngày,cộng đồng
22.0,Đồng Nai,"giao tiếp, ngoại ngữ",cuối tuần,văn hóa
26.0,Quảng Nam,"ngoại ngữ, giao tiếp",cuối tuần,văn hóa
22.0,Quảng Ninh,"chụp ảnh, quay phim",linh hoạt,truyền thông
19.0,Hà Nội,kỹ thuật nông nghiệp,cuối tuần,"thiện nguyện, môi trường"
27.0,Quảng Ngãi,"thiết kế UI, quản trị hệ thống",online,công nghệ
23.0,Bình Định,"hỗ trợ bệnh nhân, y tế, sơ cứu",ban ngày,sức khỏe
40.0,Khánh Hòa,"tổ chức lớp học, hỗ trợ học sinh",ban ngày,giáo dục
20.0,Đồng Nai,giao tiếp,cuối tuần,trẻ em
27.0,Long An,"tổ chức tour, ngoại ngữ, giao tiếp",cuối tuần,"du lịch, văn hóa"
40.0,An Giang,bán hàng,ban ngày,kinh doanh
21.0,Bắc Giang,ngoại ngữ,cuối tuần,văn hóa
31.0,Huế,quay phim,cuối tuần,nghệ thuật
31.0,Trà Vinh,"chăm sóc, hỗ trợ bệnh nhân",ban ngày,cộng đồng
27.0,Bình Dương,"MC, viết nội dung",cuối tuần,truyền thông
32.0,Thanh Hóa,"sơ cứu, y tế, chăm sóc",ban ngày,"sức khỏe, cộng đồng"
18.0,Khánh Hòa,"kỹ thuật nông nghiệp, trồng cây",cuối tuần,"thiện nguyện, môi trường"
38.0,An Giang,thiết kế UI,buổi tối,công nghệ
32.0,Long An,kế toán,ban ngày,"kinh doanh, lãnh đạo"
33.0,Long An,"tổ chức sự kiện, marketing, viết nội dung",cuối tuần,"cộng đồng, truyền thông"
20.0,Thanh Hóa,quản trị hệ thống,buổi tối,khoa học
32.0,Huế,kỹ thuật nông nghiệp,cuối tuần,"môi trường, thiện nguyện"
34.0,Thanh Hóa,"tổ chức tour, giao tiếp",cuối tuần,"du lịch, văn hóa"
29.0,Cần Thơ,"tổ chức sự kiện, viết nội dung",cuối tuần,"truyền thông, cộng đồng"
23.0,Quảng Ngãi,"dạy học, hỗ trợ học sinh",cuối tuần,trẻ em
32.0,Đắk Lắk,"viết nội dung, thiết kế",cuối tuần,nghệ thuật
24.0,An Giang,tổ chức lớp học,cuối tuần,"cộng đồng, giáo dục"
34.0,Long An,MC,cuối tuần,"cộng đồng, truyền thông"
31.0,Bắc Giang,"làm vườn, bảo tồn, trồng cây",cuối tuần,thiện nguyện
38.0,Huế,"làm vườn, bảo tồn",cuối tuần,thiện nguyện
29.0,Sóc Trăng,"kế toán, quản lý dự án",ban ngày,kinh doanh
34.0,Đà Nẵng,sơ cứu,ban ngày,sức khỏe
28.0,Trà Vinh,MC,cuối tuần,cộng đồng
27.0,Trà Vinh,"phân tích dữ liệu, lập trình",buổi tối,"đổi mới, công nghệ"
22.0,Đà Nẵng,"thiết kế, quay phim, chụp ảnh",linh hoạt,nghệ thuật
33.0,Hải Phòng,"tổ chức lớp học, hỗ trợ học sinh",ban ngày,giáo dục
23.0,Bình Định,"tổ chức lớp học, dạy học, hỗ trợ học sinh",cuối tuần,giáo dục
21.0,Sóc Trăng,"chụp ảnh, thiết kế, quay phim",cuối tuần,"truyền thông, nghệ thuật"
30.0,Bà Rịa - Vũng Tàu,"MC, viết nội dung, marketing",cuối tuần,cộng đồng
19.0,Hà Nội,"thiết kế, chụp ảnh, viết nội dung",linh hoạt,"truyền thông, nghệ thuật"
29.0,Khánh Hòa,y tế,ban ngày,cộng đồng
19.0,Phú Yên,ngoại ngữ,cuối tuần,du lịch
34.0,Quảng Nam,thiết kế,linh hoạt,nghệ thuật
30.0,Quảng Ninh,"lập trình, quản trị hệ thống, phân tích dữ liệu",buổi tối,"công nghệ, đổi mới"
24.0,Huế,"hỗ trợ bệnh nhân, y tế, sơ cứu",ban ngày,cộng đồng
35.0,Nghệ An,"ngoại ngữ, giao tiếp",cuối tuần,"văn hóa, du lịch"
39.0,Hà Nội,quay phim,linh hoạt,nghệ thuật
19.0,Đồng Nai,"MC, tổ chức sự kiện",cuối tuần,truyền thông
20.0,Trà Vinh,quay phim,cuối tuần,"truyền thông, nghệ thuật"
28.0,Cần Thơ,quay phim,cuối tuần,"truyền thông, nghệ thuật"
38.0,Bà Rịa - Vũng Tàu,"chụp ảnh, thiết kế",cuối tuần,"truyền thông, nghệ thuật"
22.0,Quảng Ninh,"phân tích dữ liệu, lập trình",online,khoa học
26.0,Bình Định,thiết kế UI,online,"công nghệ, đổi mới"
36.0,Hà Nội,tổ chức sự kiện,cuối tuần,truyền thông
23.0,Nghệ An,"ngoại ngữ, hướng dẫn, giao tiếp",linh hoạt,văn hóa
40.0,TP. Hồ Chí Minh,"kỹ thuật nông nghiệp, bảo tồn",cuối tuần,môi trường
39.0,Hải Phòng,làm vườn,cuối tuần,thiện nguyện
24.0,Nghệ An,bán hàng,ban ngày,kinh doanh
33.0,Quảng Ngãi,"giao tiếp, hỗ trợ học sinh",ban ngày,cộng đồng
29.0,Kiên Giang,"quản trị hệ thống, thiết kế UI, phân tích dữ liệu",online,"đổi mới, công nghệ"
26.0,Hải Phòng,"tổ chức tour, giao tiếp",linh hoạt,"văn hóa, du lịch"
21.0,Sóc Trăng,"quản trị hệ thống, lập trình",online,đổi mới
33.0,Bà Rịa - Vũng Tàu,"sơ cứu, hỗ trợ bệnh nhân",ban ngày,"cộng đồng, sức khỏe"
38.0,Kiên Giang,"hỗ trợ học sinh, dạy học, tổ chức lớp học",cuối tuần,cộng đồng
19.0,Nghệ An,"bán hàng, quản lý dự án",ban ngày,"kinh doanh, lãnh đạo"
38.0,Bình Dương,"viết nội dung, quay phim, chụp ảnh",linh hoạt,nghệ thuật
25.0,TP. Hồ Chí Minh,"quản lý dự án, bán hàng",ban ngày,kinh doanh
29.0,An Giang,"dạy học, giao tiếp, hỗ trợ học sinh",cuối tuần,giáo dục
22.0,Khánh Hòa,dạy học,cuối tuần,cộng đồng
27.0,Lào Cai,"kỹ thuật nông nghiệp, làm vườn, trồng cây",cuối tuần,môi trường
40.0,TP. Hồ Chí Minh,"kế toán, bán hàng, phân tích tài chính",ban ngày,"kinh doanh, lãnh đạo"
38.0,Quảng Ninh,hỗ trợ bệnh nhân,ban ngày,"sức khỏe, cộng đồng"
33.0,Quảng Ngãi,làm vườn,cuối tuần,"thiện nguyện, môi trường"
25.0,Bình Định,"ngoại ngữ, giao tiếp, tổ chức tour",cuối tuần,"du lịch, văn hóa"
32.0,Quảng Ngãi,dạy học,cuối tuần,trẻ em
33.0,Trà Vinh,viết nội dung,linh hoạt,"truyền thông, nghệ thuật"
30.0,An Giang,y tế,ban ngày,sức khỏe
37.0,Nghệ An,MC,cuối tuần,cộng đồng
25.0,Đà Nẵng,"dạy học, hỗ trợ học sinh, giao tiếp",ban ngày,"trẻ em, cộng đồng"
39.0,Đà Nẵng,"quản lý dự án, bán hàng",ban ngày,"kinh doanh, lãnh đạo"
30.0,Hải Phòng,"chăm sóc, sơ cứu, y tế",ban ngày,sức khỏe
24.0,Long An,"ngoại ngữ, tổ chức tour",cuối tuần,văn hóa
31.0,Đồng Nai,"bảo tồn, trồng cây",cuối tuần,"môi trường, thiện nguyện"
26.0,An Giang,"tổ chức tour, hướng dẫn",cuối tuần,du lịch
25.0,Gia Lai,"tổ chức lớp học, dạy học, hỗ trợ học sinh",cuối tuần,"trẻ em, cộng đồng"
37.0,Lào Cai,"tổ chức lớp học, giao tiếp",cuối tuần,"trẻ em, giáo dục"
20.0,Bà Rịa - Vũng Tàu,"tổ chức sự kiện, MC",cuối tuần,"cộng đồng, truyền thông"
27.0,Thanh Hóa,"quản lý dự án, phân tích tài chính, bán hàng",ban ngày,kinh doanh
30.0,TP. Hồ Chí Minh,"phân tích tài chính, quản lý dự án, kế toán",ban ngày,kinh doanh
22.0,Thanh Hóa,"ngoại ngữ, hướng dẫn, tổ chức tour",linh hoạt,"du lịch, văn hóa"
36.0,Đồng Nai,bán hàng,ban ngày,kinh doanh
35.0,Sóc Trăng,làm vườn,cuối tuần,"thiện nguyện, môi trường"
31.0,An Giang,viết nội dung,cuối tuần,truyền thông
32.0,Thanh Hóa,"tổ chức sự kiện, viết nội dung",cuối tuần,"cộng đồng, truyền thông"
23.0,Long An,giao tiếp,linh hoạt,"du lịch, văn hóa"
19.0,Bà Rịa - Vũng Tàu,"thiết kế, chụp ảnh",linh hoạt,nghệ thuật
33.0,Bà Rịa - Vũng Tàu,"sơ cứu, chăm sóc",ban ngày,cộng đồng
39.0,An Giang,"trồng cây, bảo tồn",cuối tuần,môi trường
30.0,Cần Thơ,"bán hàng, kế toán, quản lý dự án",ban ngày,"kinh doanh, lãnh đạo"
25.0,Thanh Hóa,bán hàng,ban ngày,kinh doanh
20.0,Đà Nẵng,"chăm sóc, y tế",ban ngày,"sức khỏe, cộng đồng"
37.0,Bình Dương,"bán hàng, kế toán, phân tích tài chính",ban ngày,lãnh đạo
33.0,An Giang,"hướng dẫn, tổ chức tour",linh hoạt,"văn hóa, du lịch"
34.0,Trà Vinh,"viết nội dung, MC, marketing",cuối tuần,"cộng đồng, truyền thông"
30.0,Bình Dương,"viết nội dung, MC",cuối tuần,cộng đồng
25.0,Lào Cai,"bán hàng, phân tích tài chính, kế toán",ban ngày,"lãnh đạo, kinh doanh"
32.0,Hải Phòng,"bán hàng, kế toán",ban ngày,lãnh đạo
21.0,Quảng Nam,hỗ trợ bệnh nhân,ban ngày,"cộng đồng, sức khỏe"
39.0,Hà Nội,"thiết kế, quay phim, chụp ảnh",linh hoạt,nghệ thuật
20.0,Đắk Lắk,quản lý dự án,ban ngày,"lãnh đạo, kinh doanh"
20.0,Thanh Hóa,"lập trình, thiết kế UI",buổi tối,"công nghệ, khoa học"
37.0,Bắc Giang,kế toán,ban ngày,"lãnh đạo, kinh doanh"
29.0,Quảng Ngãi,"chăm sóc, y tế, hỗ trợ bệnh nhân",ban ngày,"cộng đồng, sức khỏe"
37.0,Quảng Nam,kế toán,ban ngày,lãnh đạo
22.0,Bà Rịa - Vũng Tàu,thiết kế,cuối tuần,truyền thông
24.0,Đắk Lắk,tổ chức tour,linh hoạt,"du lịch, văn hóa"
38.0,Hải Phòng,"hỗ trợ học sinh, dạy học, giao tiếp",ban ngày,"giáo dục, cộng đồng"
18.0,Long An,chụp ảnh,cuối tuần,truyền thông
31.0,Trà Vinh,"làm vườn, trồng cây, bảo tồn",cuối tuần,môi trường
40.0,Bà Rịa - Vũng Tàu,"kỹ thuật nông nghiệp, làm vườn",cuối tuần,thiện nguyện
27.0,Cần Thơ,"giao tiếp, hỗ trợ học sinh, dạy học",cuối tuần,giáo dục
37.0,Phú Yên,quay phim,linh hoạt,nghệ thuật
19.0,Lào Cai,bảo tồn,cuối tuần,thiện nguyện
38.0,Đắk Lắk,"bán hàng, quản lý dự án",ban ngày,"kinh doanh, lãnh đạo"
38.0,An Giang,tổ chức sự kiện,cuối tuần,truyền thông
26.0,Phú Yên,lập trình,buổi tối,"đổi mới, khoa học"
21.0,Quảng Ninh,"viết nội dung, tổ chức sự kiện",cuối tuần,"truyền thông, cộng đồng"
22.0,Phú Yên,"tổ chức lớp học, dạy học",ban ngày,"trẻ em, cộng đồng"
25.0,Khánh Hòa,"dạy học, tổ chức lớp học",cuối tuần,"cộng đồng, giáo dục"
27.0,Thanh Hóa,viết nội dung,linh hoạt,"truyền thông, nghệ thuật"
19.0,Quảng Nam,"viết nội dung, chụp ảnh",cuối tuần,"truyền thông, nghệ thuật"
22.0,Bình Dương,"viết nội dung, chụp ảnh",linh hoạt,"nghệ thuật, truyền thông"
34.0,Thanh Hóa,"phân tích dữ liệu, lập trình",buổi tối,"khoa học, đổi mới"
24.0,Hà Nội,giao tiếp,cuối tuần,trẻ em
33.0,Quảng Ngãi,thiết kế UI,online,khoa học
18.0,Bình Định,chăm sóc,ban ngày,cộng đồng
39.0,TP. Hồ Chí Minh,"phân tích dữ liệu, thiết kế UI",buổi tối,đổi mới
36.0,Đồng Nai,quản lý dự án,ban ngày,"kinh doanh, lãnh đạo"
32.0,Đà Nẵng,"tổ chức lớp học, giao tiếp",ban ngày,"cộng đồng, giáo dục"
19.0,Cần Thơ,"hỗ trợ học sinh, tổ chức lớp học",cuối tuần,trẻ em
39.0,Long An,bảo tồn,cuối tuần,"thiện nguyện, môi trường"
36.0,Đồng Nai,thiết kế,linh hoạt,truyền thông
40.0,Quảng Nam,"hướng dẫn, giao tiếp",cuối tuần,du lịch
21.0,Bình Dương,"quản lý dự án, kế toán",ban ngày,"lãnh đạo, kinh doanh"
38.0,Quảng Ninh,quay phim,linh hoạt,truyền thông
19.0,Kiên Giang,"quản lý dự án, kế toán",ban ngày,"kinh doanh, lãnh đạo"
40.0,Đắk Lắk,"bán hàng, phân tích tài chính, kế toán",ban ngày,"lãnh đạo, kinh doanh"
20.0,Phú Yên,"chăm sóc, hỗ trợ bệnh nhân",ban ngày,cộng đồng
34.0,TP. Hồ Chí Minh,ngoại ngữ,linh hoạt,"du lịch, văn hóa"
31.0,Long An,"chăm sóc, sơ cứu, hỗ trợ bệnh nhân",ban ngày,sức khỏe
39.0,Hà Nội,"giao tiếp, tổ chức tour",linh hoạt,du lịch
24.0,Gia Lai,thiết kế,linh hoạt,"nghệ thuật, truyền thông"
20.0,Quảng Ninh,"ngoại ngữ, hướng dẫn, tổ chức tour",linh hoạt,văn hóa
35.0,Gia Lai,"phân tích dữ liệu, quản trị hệ thống, lập trình",online,công nghệ
25.0,Bình Định,ngoại ngữ,cuối tuần,"du lịch, văn hóa"
32.0,Bà Rịa - Vũng Tàu,"trồng cây, làm vườn, kỹ thuật nông nghiệp",cuối tuần,thiện nguyện
23.0,Gia Lai,"bán hàng, phân tích tài chính",ban ngày,kinh doanh
23.0,Bắc Giang,"MC, tổ chức sự kiện",cuối tuần,"truyền thông, cộng đồng"
32.0,Kiên Giang,"thiết kế, quay phim, viết nội dung",linh hoạt,"nghệ thuật, truyền thông"
40.0,Cần Thơ,"làm vườn, bảo tồn",cuối tuần,môi trường
22.0,Huế,"quản trị hệ thống, lập trình, thiết kế UI",online,công nghệ
37.0,Phú Yên,phân tích tài chính,ban ngày,"kinh doanh, lãnh đạo"
39.0,TP. Hồ Chí Minh,"hỗ trợ bệnh nhân, sơ cứu, y tế",ban ngày,cộng đồng
36.0,TP. Hồ Chí Minh,"phân tích tài chính, bán hàng",ban ngày,lãnh đạo
23.0,Quảng Ninh,quản lý dự án,ban ngày,"kinh doanh, lãnh đạo"
24.0,Đồng Nai,"thiết kế UI, lập trình, phân tích dữ liệu",buổi tối,công nghệ
36.0,Khánh Hòa,phân tích dữ liệu,online,"công nghệ, khoa học"
38.0,Thanh Hóa,"dạy học, hỗ trợ học sinh, giao tiếp",ban ngày,"giáo dục, trẻ em"
35.0,Sóc Trăng,"trồng cây, làm vườn",cuối tuần,thiện nguyện
34.0,Kiên Giang,"marketing, viết nội dung, tổ chức sự kiện",cuối tuần,truyền thông
27.0,Hà Nội,"giao tiếp, hỗ trợ học sinh",ban ngày,"giáo dục, cộng đồng"
29.0,Đồng Nai,thiết kế,linh hoạt,nghệ thuật
40.0,An Giang,"tổ chức lớp học, hỗ trợ học sinh",cuối tuần,"giáo dục, cộng đồng"
21.0,Đồng Nai,"giao tiếp, dạy học",cuối tuần,trẻ em
29.0,Bắc Giang,chăm sóc,ban ngày,"sức khỏe, cộng đồng"
40.0,Hà Nội,"bảo tồn, trồng cây, kỹ thuật nông nghiệp",cuối tuần,môi trường
33.0,Bình Định,"dạy học, giao tiếp",cuối tuần,giáo dục
36.0,Bắc Giang,"viết nội dung, MC",cuối tuần,truyền thông
33.0,Cần Thơ,"bán hàng, quản lý dự án",ban ngày,lãnh đạo
38.0,Hà Nội,"bán hàng, phân tích tài chính, kế toán",ban ngày,kinh doanh
21.0,Phú Yên,"thiết kế, chụp ảnh, viết nội dung",linh hoạt,nghệ thuật
29.0,Hà Nội,"quản lý dự án, phân tích tài chính, bán hàng",ban ngày,"kinh doanh, lãnh đạo"
22.0,Hà Nội,"quản lý dự án, phân tích tài chính",ban ngày,"lãnh đạo, kinh doanh"
28.0,Trà Vinh,"thiết kế, chụp ảnh, quay phim",cuối tuần,"nghệ thuật, truyền thông"
33.0,Cần Thơ,"ngoại ngữ, giao tiếp",cuối tuần,văn hóa
32.0,Bắc Giang,"dạy học, giao tiếp, tổ chức lớp học",cuối tuần,"giáo dục, cộng đồng"
26.0,Quảng Ngãi,"bảo tồn, làm vườn",cuối tuần,môi trường
22.0,Quảng Nam,"sơ cứu, y tế, hỗ trợ bệnh nhân",ban ngày,cộng đồng
35.0,Bà Rịa - Vũng Tàu,tổ chức lớp học,cuối tuần,"giáo dục, trẻ em"
26.0,Bà Rịa - Vũng Tàu,"kế toán, phân tích tài chính",ban ngày,kinh doanh
38.0,Phú Yên,"quản lý dự án, bán hàng",ban ngày,"lãnh đạo, kinh doanh"
23.0,Bình Dương,phân tích dữ liệu,buổi tối,đổi mới
39.0,Long An,"hỗ trợ bệnh nhân, sơ cứu",ban ngày,"sức khỏe, cộng đồng"
19.0,Quảng Nam,"tổ chức sự kiện, marketing, MC",cuối tuần,"cộng đồng, truyền thông"
36.0,Thanh Hóa,"ngoại ngữ, giao tiếp, tổ chức tour",cuối tuần,"văn hóa, du lịch"
33.0,Trà Vinh,"làm vườn, bảo tồn",cuối tuần,thiện nguyện
20.0,Bình Định,"giao tiếp, hướng dẫn",linh hoạt,"văn hóa, du lịch"
28.0,An Giang,"tổ chức tour, giao tiếp, hướng dẫn",cuối tuần,du lịch
30.0,Nghệ An,trồng cây,cuối tuần,môi trường
25.0,Đà Nẵng,"lập trình, quản trị hệ thống, phân tích dữ liệu",online,"công nghệ, đổi mới"
35.0,Quảng Nam,"ngoại ngữ, hướng dẫn",linh hoạt,"văn hóa, du lịch"
20.0,Đồng Nai,"tổ chức lớp học, dạy học",cuối tuần,trẻ em
38.0,Hải Phòng,"quay phim, thiết kế, viết nội dung",linh hoạt,nghệ thuật
30.0,Bình Định,hướng dẫn,cuối tuần,văn hóa
34.0,TP. Hồ Chí Minh,"kế toán, quản lý dự án",ban ngày,lãnh đạo
38.0,Lào Cai,"kỹ thuật nông nghiệp, trồng cây",cuối tuần,môi trường
20.0,Nghệ An,"dạy học, hỗ trợ học sinh",cuối tuần,cộng đồng
38.0,Đồng Nai,"giao tiếp, dạy học",cuối tuần,cộng đồng
27.0,Huế,"hỗ trợ học sinh, dạy học, giao tiếp",cuối tuần,giáo dục
31.0,An Giang,"giao tiếp, tổ chức lớp học",cuối tuần,cộng đồng
25.0,Quảng Nam,"dạy học, giao tiếp",ban ngày,giáo dục
34.0,Thanh Hóa,"dạy học, giao tiếp, tổ chức lớp học",ban ngày,giáo dục
36.0,Quảng Nam,"giao tiếp, dạy học",cuối tuần,cộng đồng
38.0,Khánh Hòa,"giao tiếp, tổ chức lớp học",cuối tuần,cộng đồng
36.0,Nghệ An,hỗ trợ học sinh,cuối tuần,giáo dục
27.0,Gia Lai,"tổ chức lớp học, giao tiếp",ban ngày,giáo dục
29.0,Khánh Hòa,"hỗ trợ học sinh, giao tiếp, tổ chức lớp học",ban ngày,cộng đồng
34.0,Phú Yên,"hỗ trợ học sinh, dạy học",cuối tuần,cộng đồng
32.0,Gia Lai,dạy học,cuối tuần,giáo dục
31.0,Trà Vinh,"tổ chức lớp học, hỗ trợ học sinh, dạy học",cuối tuần,giáo dục
35.0,Trà Vinh,dạy học,ban ngày,giáo dục
38.0,Thanh Hóa,"dạy học, hỗ trợ học sinh, giao tiếp",ban ngày,giáo dục
27.0,Gia Lai,"chăm sóc, sơ cứu, hỗ trợ bệnh nhân",ban ngày,cộng đồng
35.0,Bà Rịa - Vũng Tàu,tổ chức lớp học,cuối tuần,giáo dục
28.0,TP. Hồ Chí Minh,"ngoại ngữ, hướng dẫn, giao tiếp",linh hoạt,"văn hóa, du lịch"
24.0,Nghệ An,"chăm sóc, y tế",ban ngày,sức khỏe
20.0,Lào Cai,"giao tiếp, tổ chức lớp học",ban ngày,"cộng đồng, giáo dục"
23.0,Thanh Hóa,"dạy học, hỗ trợ học sinh",cuối tuần,trẻ em
25.0,Sóc Trăng,"viết nội dung, MC",cuối tuần,"truyền thông, cộng đồng"
26.0,Phú Yên,giao tiếp,cuối tuần,văn hóa
27.0,Nghệ An,"viết nội dung, thiết kế, chụp ảnh",cuối tuần,nghệ thuật
28.0,Bắc Giang,"hướng dẫn, tổ chức tour",linh hoạt,"văn hóa, du lịch"
30.0,Quảng Nam,"bảo tồn, làm vườn",cuối tuần,môi trường
23.0,Quảng Ngãi,quay phim,cuối tuần,truyền thông
21.0,Đắk Lắk,"bán hàng, kế toán",ban ngày,"lãnh đạo, kinh doanh"
40.0,Bắc Giang,dạy học,cuối tuần,"cộng đồng, giáo dục"
26.0,Lào Cai,"giao tiếp, tổ chức tour",cuối tuần,"văn hóa, du lịch"
24.0,Thanh Hóa,ngoại ngữ,cuối tuần,văn hóa
20.0,Bà Rịa - Vũng Tàu,thiết kế,linh hoạt,"truyền thông, nghệ thuật"
21.0,Khánh Hòa,"thiết kế UI, quản trị hệ thống, lập trình",buổi tối,đổi mới
28.0,Phú Yên,"y tế, chăm sóc, sơ cứu",ban ngày,sức khỏe
26.0,Thanh Hóa,"tổ chức lớp học, hỗ trợ học sinh",ban ngày,"giáo dục, cộng đồng"
26.0,Quảng Ngãi,"quản lý dự án, phân tích tài chính, kế toán",ban ngày,"kinh doanh, lãnh đạo"
26.0,Nghệ An,"viết nội dung, MC, tổ chức sự kiện",cuối tuần,"cộng đồng, truyền thông"
19.0,Hải Phòng,hỗ trợ bệnh nhân,ban ngày,sức khỏe
22.0,Hải Phòng,"viết nội dung, MC",cuối tuần,"truyền thông, cộng đồng"
22.0,Gia Lai,viết nội dung,cuối tuần,nghệ thuật
20.0,Trà Vinh,y tế,ban ngày,cộng đồng
20.0,Kiên Giang,"tổ chức tour, hướng dẫn",cuối tuần,"văn hóa, du lịch"
20.0,Khánh Hòa,"giao tiếp, tổ chức lớp học",ban ngày,trẻ em
25.0,An Giang,"hỗ trợ học sinh, tổ chức lớp học, giao tiếp",cuối tuần,"giáo dục, cộng đồng"
23.0,Long An,"lập trình, quản trị hệ thống, phân tích dữ liệu",buổi tối,đổi mới
25.0,Long An,"viết nội dung, thiết kế, chụp ảnh",linh hoạt,truyền thông
24.0,Quảng Ninh,"hướng dẫn, giao tiếp, tổ chức tour",cuối tuần,du lịch
20.0,Bắc Giang,"bán hàng, kế toán, quản lý dự án",ban ngày,"kinh doanh, lãnh đạo"
18.0,Thanh Hóa,"kế toán, quản lý dự án, bán hàng",ban ngày,"kinh doanh, lãnh đạo"
19.0,Thanh Hóa,dạy học,ban ngày,trẻ em
23.0,Phú Yên,bán hàng,ban ngày,kinh doanh
26.0,Nghệ An,marketing,cuối tuần,truyền thông
30.0,Bắc Giang,viết nội dung,cuối tuần,"truyền thông, cộng đồng"
27.0,Huế,"trồng cây, bảo tồn, làm vườn",cuối tuần,"môi trường, thiện nguyện"
40.0,Huế,"tổ chức lớp học, dạy học",ban ngày,"trẻ em, giáo dục"
20.0,Lào Cai,chăm sóc,ban ngày,sức khỏe
27.0,Đắk Lắk,hướng dẫn,cuối tuần,văn hóa
21.0,Thanh Hóa,"phân tích dữ liệu, lập trình",online,"khoa học, đổi mới"
26.0,Bình Dương,"quản trị hệ thống, phân tích dữ liệu, thiết kế UI",buổi tối,"đổi mới, khoa học"
23.0,Huế,"giao tiếp, tổ chức lớp học, hỗ trợ học sinh",cuối tuần,cộng đồng
27.0,Quảng Ngãi,"giao tiếp, ngoại ngữ",linh hoạt,du lịch
23.0,Hà Nội,"hỗ trợ bệnh nhân, y tế",ban ngày,sức khỏe
23.0,Khánh Hòa,"MC, tổ chức sự kiện, viết nội dung",cuối tuần,truyền thông
21.0,An Giang,"hỗ trợ học sinh, dạy học, giao tiếp",ban ngày,giáo dục
25.0,Đồng Nai,hỗ trợ học sinh,ban ngày,giáo dục
25.0,Quảng Ninh,"sơ cứu, chăm sóc",ban ngày,cộng đồng
25.0,Huế,"chụp ảnh, viết nội dung",cuối tuần,"nghệ thuật, truyền thông"
29.0,Kiên Giang,"giao tiếp, hỗ trợ học sinh, tổ chức lớp học",cuối tuần,"cộng đồng, giáo dục"
24.0,Nghệ An,"viết nội dung, marketing",cuối tuần,cộng đồng
24.0,Hải Phòng,"ngoại ngữ, tổ chức tour",cuối tuần,"du lịch, văn hóa"
25.0,Gia Lai,"lập trình, quản trị hệ thống, thiết kế UI",online,"công nghệ, khoa học"
29.0,Phú Yên,"marketing, viết nội dung",cuối tuần,cộng đồng
26.0,Đắk Lắk,bán hàng,ban ngày,"lãnh đạo, kinh doanh"
20.0,Quảng Ninh,"hỗ trợ bệnh nhân, sơ cứu",ban ngày,sức khỏe
24.0,Quảng Ngãi,"hỗ trợ bệnh nhân, chăm sóc, sơ cứu",ban ngày,cộng đồng
26.0,Bình Định,"marketing, viết nội dung, tổ chức sự kiện",cuối tuần,"truyền thông, cộng đồng"
28.0,Lào Cai,tổ chức tour,cuối tuần,du lịch
29.0,Trà Vinh,hướng dẫn,linh hoạt,du lịch
28.0,Nghệ An,"giao tiếp, hỗ trợ học sinh, tổ chức lớp học",cuối tuần,giáo dục
22.0,Huế,"giao tiếp, hướng dẫn, ngoại ngữ",cuối tuần,"du lịch, văn hóa"
28.0,Sóc Trăng,kỹ thuật nông nghiệp,cuối tuần,"thiện nguyện, môi trường"
28.0,Hải Phòng,"kỹ thuật nông nghiệp, bảo tồn",cuối tuần,môi trường
24.0,Bình Dương,"tổ chức sự kiện, viết nội dung",cuối tuần,"cộng đồng, truyền thông"
20.0,Đắk Lắk,hướng dẫn,cuối tuần,"du lịch, văn hóa"
29.0,Sóc Trăng,"quản trị hệ thống, thiết kế UI",online,công nghệ
22.0,Khánh Hòa,"kế toán, quản lý dự án",ban ngày,"lãnh đạo, kinh doanh"
20.0,Hà Nội,thiết kế,linh hoạt,"truyền thông, nghệ thuật"
40.0,Long An,"giao tiếp, hỗ trợ học sinh",ban ngày,giáo dục
27.0,Bà Rịa - Vũng Tàu,"quay phim, thiết kế",cuối tuần,truyền thông
28.0,Thanh Hóa,"phân tích dữ liệu, thiết kế UI",online,khoa học
18.0,Bắc Giang,"thiết kế UI, phân tích dữ liệu",online,khoa học
25.0,Nghệ An,hỗ trợ bệnh nhân,ban ngày,"sức khỏe, cộng đồng"
26.0,Phú Yên,hỗ trợ học sinh,ban ngày,cộng đồng
27.0,Hà Nội,"tổ chức tour, ngoại ngữ",linh hoạt,"du lịch, văn hóa"
21.0,Quảng Nam,hỗ trợ bệnh nhân,ban ngày,"sức khỏe, cộng đồng"
29.0,Huế,viết nội dung,cuối tuần,"truyền thông, nghệ thuật"
24.0,Phú Yên,"y tế, chăm sóc, hỗ trợ bệnh nhân",ban ngày,"sức khỏe, cộng đồng"
27.0,Cần Thơ,"hỗ trợ học sinh, tổ chức lớp học, dạy học",ban ngày,trẻ em
25.0,Lào Cai,"giao tiếp, hỗ trợ học sinh",ban ngày,trẻ em
27.0,Quảng Ninh,"tổ chức tour, hướng dẫn, giao tiếp",cuối tuần,văn hóa
25.0,Đồng Nai,phân tích dữ liệu,online,"đổi mới, công nghệ"
23.0,Bà Rịa - Vũng Tàu,"tổ chức tour, giao tiếp",linh hoạt,"văn hóa, du lịch"
29.0,Thanh Hóa,"quản lý dự án, bán hàng, kế toán",ban ngày,lãnh đạo
18.0,TP. Hồ Chí Minh,"quản lý dự án, kế toán",ban ngày,kinh doanh
26.0,Khánh Hòa,"quản trị hệ thống, lập trình",buổi tối,công nghệ
22.0,Bắc Giang,"bảo tồn, kỹ thuật nông nghiệp",cuối tuần,thiện nguyện
22.0,Gia Lai,làm vườn,cuối tuần,thiện nguyện
24.0,Cần Thơ,giao tiếp,linh hoạt,"du lịch, văn hóa"
20.0,Hải Phòng,tổ chức sự kiện,cuối tuần,"cộng đồng, truyền thông"
27.0,Phú Yên,"hỗ trợ bệnh nhân, sơ cứu, y tế",ban ngày,"cộng đồng, sức khỏe"
28.0,Hà Nội,"thiết kế, quay phim, viết nội dung",linh hoạt,truyền thông
29.0,Long An,"sơ cứu, chăm sóc",ban ngày,sức khỏe
18.0,Huế,"ngoại ngữ, tổ chức tour, giao tiếp",linh hoạt,"văn hóa, du lịch"
20.0,An Giang,"quản trị hệ thống, thiết kế UI",buổi tối,"khoa học, công nghệ"
20.0,Quảng Ninh,"quay phim, chụp ảnh",linh hoạt,truyền thông
23.0,Kiên Giang,"thiết kế, quay phim, chụp ảnh",cuối tuần,nghệ thuật
25.0,Long An,"giao tiếp, ngoại ngữ, hướng dẫn",cuối tuần,"du lịch, văn hóa"
37.0,Lào Cai,dạy học,ban ngày,giáo dục
25.0,Long An,làm vườn,cuối tuần,"môi trường, thiện nguyện"
24.0,TP. Hồ Chí Minh,"giao tiếp, ngoại ngữ",cuối tuần,"văn hóa, du lịch"
26.0,Hà Nội,"viết nội dung, MC, marketing",cuối tuần,truyền thông
23.0,Sóc Trăng,"làm vườn, bảo tồn, trồng cây",cuối tuần,"thiện nguyện, môi trường"
25.0,Bà Rịa - Vũng Tàu,"sơ cứu, chăm sóc, y tế",ban ngày,"sức khỏe, cộng đồng"
29.0,An Giang,"quản lý dự án, bán hàng",ban ngày,"kinh doanh, lãnh đạo"
25.0,Quảng Nam,"tổ chức lớp học, dạy học, giao tiếp",cuối tuần,cộng đồng
24.0,Long An,"y tế, hỗ trợ bệnh nhân",ban ngày,sức khỏe
24.0,Kiên Giang,"y tế, chăm sóc",ban ngày,cộng đồng
21.0,Trà Vinh,dạy học,ban ngày,trẻ em
27.0,Bà Rịa - Vũng Tàu,"lập trình, thiết kế UI",online,"đổi mới, công nghệ"
25.0,An Giang,bán hàng,ban ngày,"lãnh đạo, kinh doanh"
29.0,An Giang,"marketing, MC, viết nội dung",cuối tuần,cộng đồng
27.0,Đắk Lắk,"giao tiếp, dạy học",cuối tuần,trẻ em
18.0,Quảng Ninh,bảo tồn,cuối tuần,môi trường
28.0,Phú Yên,"chăm sóc, y tế",ban ngày,"sức khỏe, cộng đồng"
28.0,Cần Thơ,"sơ cứu, chăm sóc",ban ngày,"sức khỏe, cộng đồng"
24.0,Quảng Nam,quản trị hệ thống,online,"đổi mới, khoa học"
23.0,An Giang,trồng cây,cuối tuần,thiện nguyện
18.0,Bắc Giang,hỗ trợ bệnh nhân,ban ngày,sức khỏe
23.0,Bà Rịa - Vũng Tàu,"trồng cây, kỹ thuật nông nghiệp, làm vườn",cuối tuần,"thiện nguyện, môi trường"
25.0,Quảng Ngãi,"giao tiếp, hướng dẫn",linh hoạt,du lịch
20.0,Sóc Trăng,"làm vườn, trồng cây",cuối tuần,"thiện nguyện, môi trường"
19.0,Kiên Giang,bán hàng,ban ngày,kinh doanh
24.0,Long An,MC,cuối tuần,"truyền thông, cộng đồng"
19.0,Đồng Nai,"kỹ thuật nông nghiệp, bảo tồn",cuối tuần,thiện nguyện
27.0,Trà Vinh,"hỗ trợ học sinh, dạy học",ban ngày,trẻ em
28.0,Quảng Nam,"hướng dẫn, ngoại ngữ, tổ chức tour",linh hoạt,"du lịch, văn hóa"
26.0,Kiên Giang,"trồng cây, làm vườn, kỹ thuật nông nghiệp",cuối tuần,môi trường
20.0,Kiên Giang,chăm sóc,ban ngày,cộng đồng
20.0,Bình Dương,"MC, marketing, viết nội dung",cuối tuần,"cộng đồng, truyền thông"
29.0,Kiên Giang,"sơ cứu, hỗ trợ bệnh nhân, y tế",ban ngày,cộng đồng
28.0,Long An,"y tế, sơ cứu",ban ngày,sức khỏe
37.0,Gia Lai,"sơ cứu, hỗ trợ bệnh nhân",ban ngày,"cộng đồng, sức khỏe"
26.0,Huế,"viết nội dung, tổ chức sự kiện, MC",cuối tuần,truyền thông
27.0,Khánh Hòa,dạy học,ban ngày,"cộng đồng, giáo dục"
27.0,Hải Phòng,"thiết kế, viết nội dung",cuối tuần,truyền thông
24.0,Quảng Ngãi,"viết nội dung, chụp ảnh, quay phim",cuối tuần,"truyền thông, nghệ thuật"
27.0,Quảng Ngãi,"thiết kế UI, quản trị hệ thống, lập trình",buổi tối,công nghệ
23.0,Quảng Nam,"lập trình, thiết kế UI",buổi tối,đổi mới
18.0,Lào Cai,"phân tích dữ liệu, thiết kế UI, lập trình",buổi tối,"công nghệ, đổi mới"
20.0,Đồng Nai,"bảo tồn, làm vườn, trồng cây",cuối tuần,thiện nguyện
32.0,Bà Rịa - Vũng Tàu,"thiết kế, viết nội dung",cuối tuần,"nghệ thuật, truyền thông"
21.0,Đắk Lắk,"kế toán, quản lý dự án, phân tích tài chính",ban ngày,kinh doanh
39.0,Lào Cai,"giao tiếp, ngoại ngữ, hướng dẫn",linh hoạt,"văn hóa, du lịch"
30.0,Long An,kế toán,ban ngày,"lãnh đạo, kinh doanh"
34.0,Khánh Hòa,quản trị hệ thống,buổi tối,"đổi mới, công nghệ"
25.0,Hà Nội,"tổ chức sự kiện, viết nội dung, MC",cuối tuần,truyền thông
27.0,An Giang,"viết nội dung, quay phim, chụp ảnh",linh hoạt,nghệ thuật
25.0,Sóc Trăng,"bán hàng, phân tích tài chính, kế toán",ban ngày,lãnh đạo
23.0,Đồng Nai,"y tế, hỗ trợ bệnh nhân, sơ cứu",ban ngày,"cộng đồng, sức khỏe"
31.0,Gia Lai,"quay phim, chụp ảnh, thiết kế",cuối tuần,"nghệ thuật, truyền thông"
29.0,Phú Yên,"tổ chức sự kiện, MC",cuối tuần,"truyền thông, cộng đồng"
28.0,Phú Yên,"thiết kế UI, phân tích dữ liệu, lập trình",buổi tối,"công nghệ, khoa học"
27.0,Bà Rịa - Vũng Tàu,"quản lý dự án, bán hàng",ban ngày,lãnh đạo
25.0,Đắk Lắk,"thiết kế, quay phim",linh hoạt,"truyền thông, nghệ thuật"
21.0,Sóc Trăng,"lập trình, thiết kế UI",buổi tối,"đổi mới, công nghệ"
27.0,Đắk Lắk,"tổ chức lớp học, dạy học",cuối tuần,"trẻ em, cộng đồng"
22.0,Bắc Giang,"làm vườn, bảo tồn, kỹ thuật nông nghiệp",cuối tuần,môi trường
22.0,Bắc Giang,thiết kế UI,buổi tối,đổi mới
21.0,Phú Yên,"ngoại ngữ, hướng dẫn, tổ chức tour",linh hoạt,"văn hóa, du lịch"
20.0,Huế,"phân tích tài chính, quản lý dự án, kế toán",ban ngày,lãnh đạo
23.0,Phú Yên,"thiết kế UI, lập trình",online,đổi mới
27.0,Quảng Ngãi,"quay phim, thiết kế",linh hoạt,"nghệ thuật, truyền thông"
24.0,Bình Dương,"MC, viết nội dung",cuối tuần,cộng đồng
24.0,Gia Lai,"lập trình, quản trị hệ thống, phân tích dữ liệu",online,khoa học
24.0,Long An,"MC, marketing",cuối tuần,"truyền thông, cộng đồng"
23.0,An Giang,tổ chức lớp học,cuối tuần,giáo dục
24.0,Kiên Giang,"kế toán, quản lý dự án, bán hàng",ban ngày,"lãnh đạo, kinh doanh"
24.0,Bà Rịa - Vũng Tàu,"marketing, MC",cuối tuần,truyền thông
26.0,Quảng Nam,"thiết kế UI, lập trình",online,"khoa học, đổi mới"
18.0,Đà Nẵng,viết nội dung,cuối tuần,cộng đồng
27.0,Quảng Nam,"chụp ảnh, viết nội dung, thiết kế",cuối tuần,truyền thông
20.0,Đắk Lắk,"quản trị hệ thống, lập trình, phân tích dữ liệu",online,"công nghệ, khoa học"
25.0,Đà Nẵng,"thiết kế UI, phân tích dữ liệu",buổi tối,đổi mới
24.0,Sóc Trăng,hỗ trợ bệnh nhân,ban ngày,"sức khỏe, cộng đồng"
29.0,Bình Dương,phân tích dữ liệu,buổi tối,"công nghệ, đổi mới"
22.0,Hải Phòng,tổ chức sự kiện,cuối tuần,truyền thông
29.0,Huế,phân tích dữ liệu,buổi tối,"đổi mới, khoa học"
24.0,Bà Rịa - Vũng Tàu,y tế,ban ngày,"sức khỏe, cộng đồng"
28.0,Lào Cai,quản trị hệ thống,online,"công nghệ, khoa học"
26.0,TP. Hồ Chí Minh,"quản trị hệ thống, lập trình",online,đổi mới
28.0,Bình Dương,"bảo tồn, kỹ thuật nông nghiệp, trồng cây",cuối tuần,môi trường
27.0,Bắc Giang,"tổ chức sự kiện, marketing",cuối tuần,truyền thông
27.0,Đắk Lắk,"phân tích tài chính, bán hàng",ban ngày,"kinh doanh, lãnh đạo"
26.0,Quảng Ninh,"làm vườn, bảo tồn",cuối tuần,môi trường
19.0,Huế,"chụp ảnh, viết nội dung",cuối tuần,"nghệ thuật, truyền thông"
20.0,Quảng Ninh,"hướng dẫn, tổ chức tour, giao tiếp",linh hoạt,"văn hóa, du lịch"
29.0,Nghệ An,"quay phim, thiết kế",cuối tuần,"truyền thông, nghệ thuật"
29.0,Bình Định,"làm vườn, kỹ thuật nông nghiệp",cuối tuần,môi trường
28.0,Cần Thơ,"phân tích tài chính, bán hàng, kế toán",ban ngày,"kinh doanh, lãnh đạo"
24.0,Bắc Giang,kỹ thuật nông nghiệp,cuối tuần,"môi trường, thiện nguyện"
29.0,Quảng Ninh,"MC, viết nội dung",cuối tuần,cộng đồng
27.0,Thanh Hóa,"thiết kế, quay phim, chụp ảnh",linh hoạt,"truyền thông, nghệ thuật"
24.0,Đắk Lắk,"tổ chức tour, ngoại ngữ, hướng dẫn",cuối tuần,du lịch
20.0,Đồng Nai,"trồng cây, làm vườn, kỹ thuật nông nghiệp",cuối tuần,môi trường
27.0,Bình Định,"kế toán, bán hàng, phân tích tài chính",ban ngày,"kinh doanh, lãnh đạo"
20.0,Quảng Ninh,"tổ chức tour, hướng dẫn",linh hoạt,du lịch
26.0,Quảng Ninh,"hỗ trợ bệnh nhân, sơ cứu",ban ngày,"cộng đồng, sức khỏe"
20.0,Thanh Hóa,"kỹ thuật nông nghiệp, bảo tồn, trồng cây",cuối tuần,"môi trường, thiện nguyện"
25.0,Bình Định,"lập trình, quản trị hệ thống",online,đổi mới
25.0,TP. Hồ Chí Minh,tổ chức sự kiện,cuối tuần,"truyền thông, cộng đồng"
26.0,TP. Hồ Chí Minh,"hướng dẫn, giao tiếp, tổ chức tour",linh hoạt,"văn hóa, du lịch"
29.0,Sóc Trăng,"ngoại ngữ, giao tiếp",cuối tuần,"du lịch, văn hóa"
25.0,Cần Thơ,"thiết kế, viết nội dung",cuối tuần,"truyền thông, nghệ thuật"
29.0,Bắc Giang,"thiết kế UI, phân tích dữ liệu",online,"đổi mới, khoa học"
22.0,Bình Dương,"kỹ thuật nông nghiệp, bảo tồn, làm vườn",cuối tuần,môi trường
20.0,Quảng Ninh,"quản lý dự án, phân tích tài chính, bán hàng",ban ngày,"kinh doanh, lãnh đạo"
22.0,Đắk Lắk,quản trị hệ thống,buổi tối,"khoa học, công nghệ"
19.0,Kiên Giang,"giao tiếp, dạy học, tổ chức lớp học",cuối tuần,trẻ em
24.0,An Giang,"phân tích tài chính, kế toán",ban ngày,kinh doanh
22.0,Phú Yên,"hỗ trợ học sinh, giao tiếp",ban ngày,giáo dục
22.0,Đồng Nai,"chụp ảnh, thiết kế, viết nội dung",linh hoạt,"truyền thông, nghệ thuật"
25.0,Quảng Ninh,"tổ chức lớp học, dạy học",ban ngày,"trẻ em, cộng đồng"
19.0,Bắc Giang,"kỹ thuật nông nghiệp, bảo tồn",cuối tuần,môi trường
28.0,Đà Nẵng,MC,cuối tuần,"cộng đồng, truyền thông"
20.0,Bình Định,"phân tích tài chính, kế toán, bán hàng",ban ngày,kinh doanh
22.0,Đồng Nai,"thiết kế, viết nội dung",cuối tuần,"truyền thông, nghệ thuật"
29.0,Bà Rịa - Vũng Tàu,"thiết kế, chụp ảnh",cuối tuần,nghệ thuật
22.0,Đà Nẵng,viết nội dung,cuối tuần,"truyền thông, nghệ thuật"
27.0,An Giang,"thiết kế, quay phim, viết nội dung",cuối tuần,truyền thông
20.0,Đồng Nai,"giao tiếp, dạy học, tổ chức lớp học",ban ngày,trẻ em
70.0,Phú Yên,"ngoại ngữ, giao tiếp, tổ chức tour",cuối tuần,"văn hóa, du lịch"
29.0,Long An,"tổ chức tour, ngoại ngữ",cuối tuần,"du lịch, văn hóa"
24.0,Kiên Giang,"sơ cứu, hỗ trợ bệnh nhân, y tế",ban ngày,"sức khỏe, cộng đồng"
27.0,Trà Vinh,"quay phim, viết nội dung",cuối tuần,nghệ thuật
25.0,Trà Vinh,"ngoại ngữ, tổ chức tour",linh hoạt,"văn hóa, du lịch"
26.0,Bình Dương,bảo tồn,cuối tuần,thiện nguyện
18.0,TP. Hồ Chí Minh,"phân tích tài chính, quản lý dự án, kế toán",ban ngày,kinh doanh
22.0,Cần Thơ,"quản lý dự án, phân tích tài chính",ban ngày,kinh doanh
24.0,Thanh Hóa,"lập trình, quản trị hệ thống",buổi tối,"công nghệ, khoa học"
18.0,Bà Rịa - Vũng Tàu,"tổ chức tour, hướng dẫn, giao tiếp",cuối tuần,"văn hóa, du lịch"
24.0,Bắc Giang,giao tiếp,cuối tuần,"văn hóa, du lịch"
23.0,Long An,"thiết kế, chụp ảnh, viết nội dung",cuối tuần,nghệ thuật
23.0,Quảng Nam,"MC, tổ chức sự kiện",cuối tuần,truyền thông
29.0,Long An,tổ chức tour,cuối tuần,du lịch
20.0,Đắk Lắk,"marketing, viết nội dung, tổ chức sự kiện",cuối tuần,truyền thông
29.0,TP. Hồ Chí Minh,tổ chức lớp học,ban ngày,giáo dục
27.0,Trà Vinh,"quay phim, viết nội dung",linh hoạt,"nghệ thuật, truyền thông"
26.0,TP. Hồ Chí Minh,giao tiếp,cuối tuần,giáo dục
20.0,TP. Hồ Chí Minh,tổ chức tour,cuối tuần,"du lịch, văn hóa"
24.0,Kiên Giang,"tổ chức tour, hướng dẫn, ngoại ngữ",cuối tuần,"văn hóa, du lịch"
25.0,Hải Phòng,"hỗ trợ bệnh nhân, sơ cứu",ban ngày,sức khỏe
21.0,Lào Cai,"thiết kế UI, quản trị hệ thống",online,đổi mới
20.0,Khánh Hòa,"kế toán, quản lý dự án",ban ngày,"kinh doanh, lãnh đạo"
22.0,Bắc Giang,"dạy học, giao tiếp",cuối tuần,giáo dục
25.0,Thanh Hóa,"thiết kế, quay phim",linh hoạt,nghệ thuật
24.0,Sóc Trăng,viết nội dung,cuối tuần,"truyền thông, cộng đồng"
29.0,Bình Dương,"viết nội dung, marketing, MC",cuối tuần,truyền thông
26.0,Quảng Ngãi,"bán hàng, phân tích tài chính, quản lý dự án",ban ngày,"lãnh đạo, kinh doanh"
40.0,Khánh Hòa,marketing,cuối tuần,"truyền thông, cộng đồng"
22.0,Phú Yên,giao tiếp,cuối tuần,cộng đồng
28.0,Nghệ An,"phân tích dữ liệu, thiết kế UI",online,khoa học
27.0,Gia Lai,"dạy học, giao tiếp, tổ chức lớp học",ban ngày,cộng đồng
28.0,Kiên Giang,"bảo tồn, trồng cây",cuối tuần,môi trường
22.0,Quảng Ninh,"sơ cứu, y tế",ban ngày,"cộng đồng, sức khỏe"
21.0,Quảng Ngãi,hỗ trợ học sinh,cuối tuần,giáo dục
27.0,Bình Định,"tổ chức lớp học, giao tiếp, hỗ trợ học sinh",cuối tuần,"trẻ em, giáo dục"
26.0,Long An,dạy học,ban ngày,trẻ em
30.0,Huế,"làm vườn, kỹ thuật nông nghiệp, trồng cây",cuối tuần,"môi trường, thiện nguyện"
29.0,Huế,"quản trị hệ thống, phân tích dữ liệu, thiết kế UI",buổi tối,"khoa học, đổi mới"
22.0,TP. Hồ Chí Minh,"ngoại ngữ, hướng dẫn",linh hoạt,"văn hóa, du lịch"
20.0,Bình Định,"tổ chức sự kiện, viết nội dung",cuối tuần,"cộng đồng, truyền thông"
23.0,TP. Hồ Chí Minh,"y tế, sơ cứu, chăm sóc",ban ngày,sức khỏe
27.0,Lào Cai,dạy học,ban ngày,"giáo dục, cộng đồng"
26.0,Bình Dương,chụp ảnh,linh hoạt,truyền thông
19.0,Bắc Giang,"thiết kế UI, quản trị hệ thống",buổi tối,khoa học
21.0,Kiên Giang,"ngoại ngữ, tổ chức tour, giao tiếp",linh hoạt,"văn hóa, du lịch"
29.0,Gia Lai,y tế,ban ngày,sức khỏe
22.0,Khánh Hòa,"quay phim, chụp ảnh",linh hoạt,"nghệ thuật, truyền thông"
25.0,Đồng Nai,"thiết kế UI, lập trình",buổi tối,đổi mới
21.0,Khánh Hòa,"hướng dẫn, giao tiếp, tổ chức tour",linh hoạt,du lịch
22.0,Quảng Ninh,tổ chức lớp học,ban ngày,trẻ em
20.0,Quảng Nam,"tổ chức lớp học, giao tiếp, hỗ trợ học sinh",cuối tuần,"trẻ em, cộng đồng"
24.0,Bình Định,kế toán,ban ngày,"kinh doanh, lãnh đạo"
22.0,Quảng Nam,"kỹ thuật nông nghiệp, trồng cây",cuối tuần,"thiện nguyện, môi trường"
28.0,Kiên Giang,thiết kế,cuối tuần,"nghệ thuật, truyền thông"
25.0,Trà Vinh,"phân tích dữ liệu, lập trình",buổi tối,"đổi mới, công nghệ"
23.0,Bình Định,"tổ chức sự kiện, marketing",cuối tuần,cộng đồng
26.0,Quảng Ninh,"sơ cứu, chăm sóc, hỗ trợ bệnh nhân",ban ngày,cộng đồng
30.0,Kiên Giang,"hướng dẫn, giao tiếp, ngoại ngữ",linh hoạt,"văn hóa, du lịch"
26.0,Đà Nẵng,"kế toán, phân tích tài chính",ban ngày,"kinh doanh, lãnh đạo"
26.0,Bắc Giang,marketing,cuối tuần,cộng đồng
26.0,Hà Nội,"giao tiếp, dạy học",ban ngày,cộng đồng
24.0,Cần Thơ,"tổ chức lớp học, dạy học, hỗ trợ học sinh",ban ngày,"trẻ em, giáo dục"
18.0,Sóc Trăng,"chụp ảnh, thiết kế, viết nội dung",cuối tuần,nghệ thuật
25.0,Đà Nẵng,"tổ chức lớp học, giao tiếp",cuối tuần,"cộng đồng, giáo dục"
24.0,Sóc Trăng,"hỗ trợ học sinh, dạy học, tổ chức lớp học",cuối tuần,cộng đồng
26.0,An Giang,bảo tồn,cuối tuần,"thiện nguyện, môi trường"
29.0,Nghệ An,"hỗ trợ học sinh, tổ chức lớp học",ban ngày,trẻ em
19.0,Bình Định,"hỗ trợ học sinh, dạy học",cuối tuần,"giáo dục, cộng đồng"
30.0,Nghệ An,tổ chức sự kiện,cuối tuần,cộng đồng
25.0,Kiên Giang,tổ chức lớp học,ban ngày,"trẻ em, giáo dục"
29.0,Đắk Lắk,"sơ cứu, hỗ trợ bệnh nhân",ban ngày,"sức khỏe, cộng đồng"
22.0,Kiên Giang,"viết nội dung, chụp ảnh, quay phim",cuối tuần,"nghệ thuật, truyền thông"
20.0,Thanh Hóa,kế toán,ban ngày,"lãnh đạo, kinh doanh"
22.0,Long An,quản lý dự án,ban ngày,lãnh đạo
29.0,Kiên Giang,"thiết kế, chụp ảnh, quay phim",cuối tuần,"nghệ thuật, truyền thông"
28.0,Đà Nẵng,hỗ trợ bệnh nhân,ban ngày,sức khỏe
27.0,Đà Nẵng,"chăm sóc, y tế, sơ cứu",ban ngày,cộng đồng
21.0,Quảng Nam,quản trị hệ thống,buổi tối,"công nghệ, đổi mới"
21.0,Quảng Nam,"sơ cứu, y tế",ban ngày,"sức khỏe, cộng đồng"
28.0,Đắk Lắk,"chăm sóc, y tế, sơ cứu",ban ngày,cộng đồng
24.0,Hà Nội,"làm vườn, trồng cây, kỹ thuật nông nghiệp",cuối tuần,thiện nguyện
28.0,Bắc Giang,thiết kế,cuối tuần,"nghệ thuật, truyền thông"
28.0,Quảng Nam,viết nội dung,cuối tuần,truyền thông
24.0,Huế,"MC, marketing",cuối tuần,"cộng đồng, truyền thông"
22.0,Trà Vinh,hỗ trợ bệnh nhân,ban ngày,cộng đồng
20.0,Thanh Hóa,"MC, tổ chức sự kiện",cuối tuần,"cộng đồng, truyền thông"
20.0,Sóc Trăng,"ngoại ngữ, giao tiếp, tổ chức tour",cuối tuần,văn hóa
22.0,Quảng Nam,"marketing, tổ chức sự kiện",cuối tuần,cộng đồng
23.0,Khánh Hòa,quay phim,cuối tuần,truyền thông
26.0,Hải Phòng,"giao tiếp, hướng dẫn, ngoại ngữ",cuối tuần,"văn hóa, du lịch"
20.0,Đà Nẵng,"dạy học, hỗ trợ học sinh, giao tiếp",cuối tuần,"giáo dục, cộng đồng"
20.0,Quảng Nam,"tổ chức sự kiện, MC",cuối tuần,"truyền thông, cộng đồng"
23.0,Huế,"tổ chức tour, ngoại ngữ, hướng dẫn",linh hoạt,"văn hóa, du lịch"
26.0,Thanh Hóa,"bảo tồn, kỹ thuật nông nghiệp",cuối tuần,"thiện nguyện, môi trường"
23.0,Gia Lai,"giao tiếp, ngoại ngữ, hướng dẫn",linh hoạt,du lịch
26.0,Đồng Nai,"quản trị hệ thống, lập trình",buổi tối,công nghệ
21.0,Bình Dương,"tổ chức tour, hướng dẫn",linh hoạt,văn hóa
25.0,Đồng Nai,"kế toán, phân tích tài chính, bán hàng",ban ngày,lãnh đạo
29.0,An Giang,ngoại ngữ,cuối tuần,"văn hóa, du lịch"
32.0,Cần Thơ,tổ chức tour,linh hoạt,văn hóa
19.0,Kiên Giang,"kỹ thuật nông nghiệp, bảo tồn",cuối tuần,môi trường
30.0,Bình Định,ngoại ngữ,cuối tuần,"văn hóa, du lịch"
22.0,Bình Dương,"trồng cây, bảo tồn, làm vườn",cuối tuần,môi trường
35.0,An Giang,"phân tích dữ liệu, lập trình",online,"công nghệ, khoa học"
23.0,Hà Nội,"thiết kế, chụp ảnh, quay phim",linh hoạt,truyền thông
37.0,Gia Lai,"viết nội dung, chụp ảnh",cuối tuần,nghệ thuật
32.0,Đắk Lắk,"dạy học, tổ chức lớp học, hỗ trợ học sinh",cuối tuần,"giáo dục, cộng đồng"
24.0,Quảng Ninh,sơ cứu,ban ngày,"sức khỏe, cộng đồng"
28.0,Bình Định,"bảo tồn, trồng cây, kỹ thuật nông nghiệp",cuối tuần,"môi trường, thiện nguyện"
38.0,Gia Lai,hướng dẫn,cuối tuần,văn hóa
31.0,Quảng Ninh,quay phim,linh hoạt,"truyền thông, nghệ thuật"
30.0,Phú Yên,thiết kế,linh hoạt,nghệ thuật
33.0,TP. Hồ Chí Minh,"y tế, hỗ trợ bệnh nhân",ban ngày,"cộng đồng, sức khỏe"
25.0,TP. Hồ Chí Minh,"marketing, MC, viết nội dung",cuối tuần,truyền thông
28.0,Sóc Trăng,"ngoại ngữ, tổ chức tour",linh hoạt,văn hóa
38.0,Bình Dương,kế toán,ban ngày,lãnh đạo
36.0,Khánh Hòa,"quay phim, viết nội dung, thiết kế",linh hoạt,truyền thông
36.0,Nghệ An,"phân tích dữ liệu, quản trị hệ thống, thiết kế UI",buổi tối,"công nghệ, đổi mới"
32.0,Nghệ An,"kế toán, quản lý dự án, phân tích tài chính",ban ngày,"lãnh đạo, kinh doanh"
31.0,Huế,"y tế, sơ cứu, chăm sóc",ban ngày,sức khỏe
24.0,Bà Rịa - Vũng Tàu,"viết nội dung, tổ chức sự kiện",cuối tuần,cộng đồng
34.0,Bà Rịa - Vũng Tàu,"tổ chức tour, hướng dẫn, giao tiếp",linh hoạt,"du lịch, văn hóa"
40.0,Kiên Giang,"quản lý dự án, kế toán, phân tích tài chính",ban ngày,lãnh đạo
21.0,Quảng Ngãi,"làm vườn, kỹ thuật nông nghiệp, trồng cây",cuối tuần,môi trường
22.0,Đắk Lắk,"viết nội dung, tổ chức sự kiện, marketing",cuối tuần,cộng đồng
27.0,Cần Thơ,"viết nội dung, marketing",cuối tuần,"truyền thông, cộng đồng"
30.0,Bắc Giang,"thiết kế, quay phim, viết nội dung",cuối tuần,truyền thông
30.0,Bắc Giang,"tổ chức tour, hướng dẫn, giao tiếp",cuối tuần,văn hóa
26.0,Đà Nẵng,trồng cây,cuối tuần,"môi trường, thiện nguyện"
32.0,Thanh Hóa,giao tiếp,linh hoạt,du lịch
22.0,Thanh Hóa,"phân tích tài chính, quản lý dự án",ban ngày,"kinh doanh, lãnh đạo"
31.0,Gia Lai,"quay phim, thiết kế, viết nội dung",cuối tuần,nghệ thuật
35.0,Trà Vinh,"quản lý dự án, phân tích tài chính, bán hàng",ban ngày,"kinh doanh, lãnh đạo"
40.0,Lào Cai,"quản trị hệ thống, phân tích dữ liệu",buổi tối,"công nghệ, khoa học"
39.0,Huế,"ngoại ngữ, giao tiếp",cuối tuần,"du lịch, văn hóa"
29.0,Khánh Hòa,"hỗ trợ bệnh nhân, chăm sóc, sơ cứu",ban ngày,cộng đồng
24.0,Quảng Ngãi,"tổ chức lớp học, giao tiếp",cuối tuần,cộng đồng
18.0,Đắk Lắk,"viết nội dung, MC",cuối tuần,"cộng đồng, truyền thông"
39.0,Lào Cai,sơ cứu,ban ngày,cộng đồng
24.0,Bình Định,quản trị hệ thống,buổi tối,"khoa học, công nghệ"
36.0,Hà Nội,"y tế, sơ cứu",ban ngày,sức khỏe
36.0,TP. Hồ Chí Minh,"hướng dẫn, tổ chức tour",linh hoạt,"văn hóa, du lịch"
40.0,Long An,tổ chức tour,linh hoạt,văn hóa
37.0,Gia Lai,"kế toán, phân tích tài chính",ban ngày,"kinh doanh, lãnh đạo"
39.0,Trà Vinh,"lập trình, thiết kế UI, quản trị hệ thống",online,đổi mới
28.0,Phú Yên,"bảo tồn, làm vườn, trồng cây",cuối tuần,môi trường
34.0,Quảng Ninh,"giao tiếp, hướng dẫn, ngoại ngữ",cuối tuần,"văn hóa, du lịch"
18.0,Trà Vinh,"thiết kế UI, phân tích dữ liệu",buổi tối,đổi mới
36.0,Đắk Lắk,hỗ trợ học sinh,cuối tuần,giáo dục
19.0,Bà Rịa - Vũng Tàu,"ngoại ngữ, tổ chức tour",cuối tuần,"văn hóa, du lịch"
35.0,TP. Hồ Chí Minh,kỹ thuật nông nghiệp,cuối tuần,thiện nguyện
29.0,An Giang,"viết nội dung, thiết kế",cuối tuần,"nghệ thuật, truyền thông"
33.0,Kiên Giang,viết nội dung,linh hoạt,truyền thông
30.0,Đồng Nai,tổ chức sự kiện,cuối tuần,cộng đồng
30.0,Bắc Giang,"y tế, sơ cứu",ban ngày,sức khỏe
22.0,Bình Dương,"giao tiếp, tổ chức tour",linh hoạt,du lịch
37.0,Quảng Ngãi,"phân tích tài chính, bán hàng, kế toán",ban ngày,"kinh doanh, lãnh đạo"
31.0,Hải Phòng,thiết kế,linh hoạt,truyền thông
30.0,Khánh Hòa,"thiết kế UI, phân tích dữ liệu, quản trị hệ thống",online,đổi mới
38.0,Phú Yên,giao tiếp,cuối tuần,cộng đồng
37.0,Sóc Trăng,"giao tiếp, hỗ trợ học sinh",cuối tuần,cộng đồng
30.0,Cần Thơ,"quản lý dự án, kế toán, phân tích tài chính",ban ngày,"kinh doanh, lãnh đạo"
33.0,Đồng Nai,chụp ảnh,cuối tuần,"nghệ thuật, truyền thông"
39.0,Bắc Giang,"thiết kế UI, phân tích dữ liệu, lập trình",buổi tối,"công nghệ, khoa học"
19.0,Bình Định,"phân tích dữ liệu, thiết kế UI",online,"đổi mới, công nghệ"
27.0,Nghệ An,"MC, tổ chức sự kiện",cuối tuần,truyền thông
37.0,Lào Cai,"quay phim, viết nội dung",linh hoạt,nghệ thuật
39.0,Cần Thơ,"ngoại ngữ, hướng dẫn, tổ chức tour",linh hoạt,du lịch
26.0,An Giang,"bảo tồn, làm vườn",cuối tuần,môi trường
25.0,Gia Lai,"y tế, sơ cứu, chăm sóc",ban ngày,"sức khỏe, cộng đồng"
19.0,Quảng Nam,"lập trình, thiết kế UI, phân tích dữ liệu",buổi tối,khoa học
36.0,Huế,"giao tiếp, ngoại ngữ, hướng dẫn",linh hoạt,văn hóa
35.0,An Giang,"thiết kế, viết nội dung, chụp ảnh",cuối tuần,"nghệ thuật, truyền thông"
33.0,Hà Nội,"bảo tồn, làm vườn, kỹ thuật nông nghiệp",cuối tuần,môi trường
18.0,Quảng Ngãi,"y tế, sơ cứu, hỗ trợ bệnh nhân",ban ngày,"sức khỏe, cộng đồng"
20.0,Thanh Hóa,"giao tiếp, tổ chức lớp học, dạy học",ban ngày,"giáo dục, cộng đồng"
32.0,Sóc Trăng,"phân tích tài chính, bán hàng, quản lý dự án",ban ngày,"kinh doanh, lãnh đạo"
21.0,Bắc Giang,y tế,ban ngày,cộng đồng
31.0,Đà Nẵng,"MC, viết nội dung, marketing",cuối tuần,truyền thông
39.0,Hà Nội,"tổ chức sự kiện, marketing, viết nội dung",cuối tuần,truyền thông
25.0,Lào Cai,"quản trị hệ thống, thiết kế UI, lập trình",online,công nghệ
37.0,Đồng Nai,"phân tích dữ liệu, lập trình, thiết kế UI",online,"khoa học, đổi mới"
26.0,Quảng Nam,"thiết kế, chụp ảnh",linh hoạt,"nghệ thuật, truyền thông"
28.0,Cần Thơ,"hỗ trợ học sinh, tổ chức lớp học, giao tiếp",cuối tuần,cộng đồng
34.0,Kiên Giang,chụp ảnh,cuối tuần,"truyền thông, nghệ thuật"
34.0,Quảng Ngãi,viết nội dung,linh hoạt,truyền thông
37.0,Hà Nội,"tổ chức sự kiện, marketing, viết nội dung",cuối tuần,cộng đồng
23.0,Gia Lai,"giao tiếp, ngoại ngữ",cuối tuần,văn hóa
21.0,Lào Cai,"hỗ trợ học sinh, giao tiếp, tổ chức lớp học",ban ngày,giáo dục
32.0,Lào Cai,"giao tiếp, hướng dẫn",cuối tuần,"du lịch, văn hóa"
31.0,Gia Lai,"viết nội dung, tổ chức sự kiện",cuối tuần,"truyền thông, cộng đồng"
33.0,Thanh Hóa,"viết nội dung, MC, tổ chức sự kiện",cuối tuần,truyền thông
26.0,Hải Phòng,"ngoại ngữ, hướng dẫn",linh hoạt,"văn hóa, du lịch"
40.0,Quảng Ninh,kế toán,ban ngày,"lãnh đạo, kinh doanh"
