Tên hoạt động tình nguyện,Kỹ năng yêu cầu,Địa điểm,Thời gian thực hiện,Lĩnh vực hoạt động
,,,,
Đọn dẹp cây xanh,Sức Khỏe,Hà Nội,Buổi Sáng,Môi Trường
Dịch tài liệu tiếng anh,Ngoại Ngữ / Dịch Thuật,Bắc Ninh,Online (Linh Hoạt),"Giáo Dục, Phiên Dịch / Ngôn Ngữ"
Hỗ trợ người dân cài đặt ứng dụng VNID,CNTT / Lập Trình,Hà Nội,"Buổi Sáng, Buổi Chiều","Công Nghệ, Cộng Đồng / Xã Hội"
Mùa Hè Xanh Ân Nghĩa,"Giáo Dục / Giảng Dạy, Giao Tiếp, CNTT / Lập Trình, Tổ Chức Sự Kiện / Quản Lý",Ân Nghĩa - Hoà Bình,"Buổi Sáng, Buổi Chiều, Buổi Tối","Giáo Dục, Cộng Đồng / Xã Hội"
Tư vấn chuyển đổi số cho tổ chức xã hội,"Phân tích dữ liệu, Giải quyết vấn đề, Công nghệ thông tin",Thái Bình,cuối tuần,Công nghệ
Hỗ trợ bệnh nhân tại bệnh viện,"Y tế cơ bản, Tư vấn, Làm việc nhóm",Lào Cai,buổi chiều,Y tế
Chụp ảnh thiện nguyện,"Thiết kế, Truyền thông, Làm việc nhóm",Phú Thọ,online,Nghệ thuật
Hỗ trợ bệnh nhân tại bệnh viện,"Y tế cơ bản, Giao tiếp, Làm việc nhóm",Vũng Tàu,cuối tuần,Y tế
Truyền thông phòng chống dịch bệnh,"Chăm sóc, Làm việc nhóm, Giao tiếp",Huế,online,Y tế
Khám sức khỏe miễn phí vùng sâu vùng xa,"Y tế cơ bản, Chăm sóc, Tư vấn",Kiên Giang,buổi chiều,Y tế
Chiến dịch trồng cây xanh,"Quan sát, Thuyết trình, Truyền thông",Đà Nẵng,buổi sáng,Môi trường
Thiết kế hệ thống quản lý tình nguyện viên,"Công nghệ thông tin, Phân tích dữ liệu, Giải quyết vấn đề",Phú Thọ,linh hoạt,Công nghệ
Dọn rác bãi biển Cửa Lò,"Thuyết trình, Tổ chức sự kiện, Quan sát",Thanh Hóa,buổi chiều,Môi trường
Dọn rác bãi biển Cửa Lò,"Thuyết trình, Quan sát, Làm việc nhóm",Bình Dương,online,Môi trường
Chiến dịch trồng cây xanh,"Quan sát, Làm việc nhóm, Tổ chức sự kiện",Hải Phòng,buổi tối,Môi trường
Tư vấn tâm lý cho thanh thiếu niên,"Tổ chức sự kiện, Truyền thông, Giao tiếp",Nghệ An,buổi sáng,Xã hội
Vẽ tường cổ động môi trường,"Thiết kế, Truyền thông, Làm việc nhóm",TP. Hồ Chí Minh,buổi sáng,Nghệ thuật
Tham gia cứu trợ lũ lụt,"Giao tiếp, Truyền thông, Tổ chức sự kiện",Bắc Giang,buổi tối,Xã hội
Tổ chức lớp học kỹ năng sống,"Soạn giáo án, Giao tiếp, Giảng dạy",Long An,buổi sáng,Giáo dục
Hỗ trợ ôn thi tốt nghiệp THPT cho học sinh nghèo,"Tổ chức lớp học, Kiên nhẫn, Soạn giáo án",Lào Cai,linh hoạt,Giáo dục
Trình diễn văn nghệ cộng đồng,"Sáng tạo, Thiết kế, Làm việc nhóm",Quảng Ninh,online,Nghệ thuật
Chăm sóc người già neo đơn,"Y tế cơ bản, Giao tiếp, Làm việc nhóm",Vũng Tàu,buổi sáng,Y tế
Dạy nhạc cho trẻ em vùng cao,"Truyền thông, Làm việc nhóm, Nghệ thuật",Hải Phòng,buổi chiều,Nghệ thuật
Tổ chức buổi tư vấn dinh dưỡng,"Y tế cơ bản, Làm việc nhóm, Tư vấn",Đắk Lắk,linh hoạt,Y tế
Tổ chức triển lãm tranh gây quỹ,"Thiết kế, Sáng tạo, Nghệ thuật",Bắc Giang,buổi chiều,Nghệ thuật
Chụp ảnh thiện nguyện,"Thiết kế, Truyền thông, Nghệ thuật",Lào Cai,online,Nghệ thuật
Tổ chức lớp học kỹ năng sống,"Tổ chức lớp học, Giảng dạy, Kiên nhẫn",Hải Phòng,linh hoạt,Giáo dục
Hỗ trợ tổ chức thiện nguyện địa phương,"Làm việc nhóm, Đồng cảm, Giao tiếp",Thái Bình,buổi sáng,Xã hội
Truyền thông phòng chống dịch bệnh,"Chăm sóc, Giao tiếp, Tư vấn",Huế,online,Y tế
Hỗ trợ trung tâm khuyết tật học nghề,"Kiên nhẫn, Giảng dạy, Soạn giáo án",Long An,cuối tuần,Giáo dục
Tổ chức triển lãm tranh gây quỹ,"Làm việc nhóm, Nghệ thuật, Thiết kế",Thanh Hóa,cuối tuần,Nghệ thuật
Cải thiện bảo mật dữ liệu tổ chức phi lợi nhuận,"Thiết kế web, Lập trình, Giải quyết vấn đề",Quảng Ninh,buổi tối,Công nghệ
Đồng hành cùng học sinh vượt khó,"Truyền thông, Làm việc nhóm, Giao tiếp",Đắk Lắk,linh hoạt,Xã hội
Cải thiện bảo mật dữ liệu tổ chức phi lợi nhuận,"Lập trình, Công nghệ thông tin, Giải quyết vấn đề",Đà Nẵng,buổi sáng,Công nghệ
Chiến dịch trồng cây xanh,"Truyền thông, Thuyết trình, Tổ chức sự kiện",Hà Nội,cuối tuần,Môi trường
Dạy lập trình Python cho học sinh,"Thiết kế web, Phân tích dữ liệu, Giải quyết vấn đề",TP. Hồ Chí Minh,buổi tối,Công nghệ
Biểu diễn gây quỹ từ thiện,"Truyền thông, Nghệ thuật, Sáng tạo",Quảng Ninh,buổi sáng,Nghệ thuật
Chia sẻ kinh nghiệm học tập trực tuyến,"Giao tiếp, Soạn giáo án, Giảng dạy",Bắc Giang,buổi tối,Giáo dục
Vẽ tường cổ động môi trường,"Thiết kế, Làm việc nhóm, Sáng tạo",Huế,buổi tối,Nghệ thuật
Tổ chức hackathon sinh viên,"Giải quyết vấn đề, Công nghệ thông tin, Thiết kế web",Thanh Hóa,online,Công nghệ
Hướng dẫn phân loại rác tại nguồn,"Quan sát, Tổ chức sự kiện, Thuyết trình",Bắc Giang,buổi tối,Môi trường
Tuyên truyền bảo vệ môi trường học đường,"Truyền thông, Quan sát, Tổ chức sự kiện",TP. Hồ Chí Minh,cuối tuần,Môi trường
Dạy học sinh vùng cao,"Soạn giáo án, Tổ chức lớp học, Kiên nhẫn",Bắc Giang,online,Giáo dục
Chụp ảnh thiện nguyện,"Sáng tạo, Truyền thông, Thiết kế",Long An,cuối tuần,Nghệ thuật
Trình diễn văn nghệ cộng đồng,"Truyền thông, Nghệ thuật, Sáng tạo",Hà Nội,cuối tuần,Nghệ thuật
Tuyên truyền bảo vệ môi trường học đường,"Làm việc nhóm, Truyền thông, Tổ chức sự kiện",Đà Nẵng,cuối tuần,Môi trường
Tổ chức hoạt động đọc sách cho trẻ em,"Giao tiếp, Kiên nhẫn, Soạn giáo án",Đắk Lắk,buổi chiều,Giáo dục
Dạy lập trình Python cho học sinh,"Công nghệ thông tin, Giải quyết vấn đề, Thiết kế web",TP. Hồ Chí Minh,buổi sáng,Công nghệ
Chụp ảnh thiện nguyện,"Sáng tạo, Thiết kế, Truyền thông",Cần Thơ,online,Nghệ thuật
Truyền thông phòng chống dịch bệnh,"Làm việc nhóm, Tư vấn, Chăm sóc",Đắk Lắk,online,Y tế
Chiến dịch trồng cây xanh,"Truyền thông, Tổ chức sự kiện, Quan sát",Long An,buổi tối,Môi trường
Chiến dịch trồng cây xanh,"Quan sát, Làm việc nhóm, Truyền thông",Vũng Tàu,buổi chiều,Môi trường
Gây quỹ ủng hộ trẻ em nghèo,"Giao tiếp, Tổ chức sự kiện, Truyền thông",Nha Trang,buổi tối,Xã hội
Thiết kế poster sự kiện thiện nguyện,"Nghệ thuật, Truyền thông, Làm việc nhóm",Đà Nẵng,buổi chiều,Nghệ thuật
Khám sức khỏe miễn phí vùng sâu vùng xa,"Làm việc nhóm, Y tế cơ bản, Chăm sóc",TP. Hồ Chí Minh,buổi sáng,Y tế
Tổ chức Ngày Trái Đất,"Quan sát, Thuyết trình, Truyền thông",Bình Dương,buổi tối,Môi trường
Tổ chức lớp học kỹ năng sống,"Tổ chức lớp học, Soạn giáo án, Kiên nhẫn",Đà Nẵng,buổi tối,Giáo dục
Chăm sóc y tế cộng đồng,"Y tế cơ bản, Tư vấn, Giao tiếp",Nha Trang,cuối tuần,Y tế
Tổ chức triển lãm tranh gây quỹ,"Sáng tạo, Thiết kế, Làm việc nhóm",Cần Thơ,buổi tối,Nghệ thuật
Hỗ trợ trung tâm khuyết tật học nghề,"Giảng dạy, Giao tiếp, Tổ chức lớp học",Đà Nẵng,cuối tuần,Giáo dục
Thiết kế poster sự kiện thiện nguyện,"Truyền thông, Làm việc nhóm, Nghệ thuật",Phú Thọ,cuối tuần,Nghệ thuật
Trồng cây phủ xanh đồi trọc,"Thuyết trình, Tổ chức sự kiện, Truyền thông",Huế,linh hoạt,Môi trường
Chụp ảnh thiện nguyện,"Thiết kế, Sáng tạo, Nghệ thuật",Long An,cuối tuần,Nghệ thuật
Tổ chức triển lãm tranh gây quỹ,"Thiết kế, Truyền thông, Nghệ thuật",Hà Nội,buổi sáng,Nghệ thuật
Thiết kế poster sự kiện thiện nguyện,"Sáng tạo, Truyền thông, Làm việc nhóm",Cần Thơ,buổi sáng,Nghệ thuật
Đồng hành cùng học sinh vượt khó,"Đồng cảm, Tổ chức sự kiện, Giao tiếp",Quảng Ninh,cuối tuần,Xã hội
Tham gia cứu trợ lũ lụt,"Đồng cảm, Tổ chức sự kiện, Truyền thông",Nha Trang,linh hoạt,Xã hội
Hỗ trợ trung tâm khuyết tật học nghề,"Giao tiếp, Kiên nhẫn, Soạn giáo án",Đắk Lắk,online,Giáo dục
Hiến máu nhân đạo,"Tư vấn, Làm việc nhóm, Y tế cơ bản",Long An,buổi chiều,Y tế
Khám sức khỏe miễn phí vùng sâu vùng xa,"Chăm sóc, Làm việc nhóm, Giao tiếp",TP. Hồ Chí Minh,cuối tuần,Y tế
Dạy nhạc cho trẻ em vùng cao,"Nghệ thuật, Truyền thông, Sáng tạo",Long An,linh hoạt,Nghệ thuật
Trình diễn văn nghệ cộng đồng,"Truyền thông, Thiết kế, Làm việc nhóm",Nam Định,buổi chiều,Nghệ thuật
Phát triển website phi lợi nhuận,"Thiết kế web, Lập trình, Công nghệ thông tin",Nam Định,buổi sáng,Công nghệ
Cải thiện bảo mật dữ liệu tổ chức phi lợi nhuận,"Công nghệ thông tin, Lập trình, Giải quyết vấn đề",Huế,buổi tối,Công nghệ
Phát triển website phi lợi nhuận,"Công nghệ thông tin, Thiết kế web, Giải quyết vấn đề",Nam Định,buổi sáng,Công nghệ
Gia sư miễn phí cho trẻ em khó khăn,"Giao tiếp, Soạn giáo án, Tổ chức lớp học",Huế,buổi tối,Giáo dục
Cải thiện bảo mật dữ liệu tổ chức phi lợi nhuận,"Phân tích dữ liệu, Giải quyết vấn đề, Lập trình",Long An,buổi tối,Công nghệ
Tổ chức buổi tư vấn dinh dưỡng,"Giao tiếp, Tư vấn, Y tế cơ bản",Cần Thơ,buổi sáng,Y tế
Phát triển website phi lợi nhuận,"Lập trình, Phân tích dữ liệu, Thiết kế web",Nha Trang,buổi chiều,Công nghệ
Tổ chức Ngày Trái Đất,"Thuyết trình, Quan sát, Truyền thông",Cần Thơ,buổi tối,Môi trường
Tổ chức trung thu cho trẻ em cơ nhỡ,"Tổ chức sự kiện, Đồng cảm, Giao tiếp",Nghệ An,buổi chiều,Xã hội
Chụp ảnh thiện nguyện,"Truyền thông, Làm việc nhóm, Nghệ thuật",Quảng Ninh,linh hoạt,Nghệ thuật
Trồng cây phủ xanh đồi trọc,"Truyền thông, Quan sát, Tổ chức sự kiện",Đà Nẵng,online,Môi trường
Hỗ trợ ôn thi tốt nghiệp THPT cho học sinh nghèo,"Giao tiếp, Soạn giáo án, Tổ chức lớp học",Bình Dương,online,Giáo dục
Tổ chức hackathon sinh viên,"Lập trình, Phân tích dữ liệu, Thiết kế web",Bắc Giang,buổi chiều,Công nghệ
Đồng hành cùng học sinh vượt khó,"Làm việc nhóm, Giao tiếp, Tổ chức sự kiện",Long An,buổi tối,Xã hội
Tuyên truyền bảo vệ môi trường học đường,"Quan sát, Tổ chức sự kiện, Thuyết trình",Kiên Giang,buổi chiều,Môi trường
Hỗ trợ ôn thi tốt nghiệp THPT cho học sinh nghèo,"Giảng dạy, Tổ chức lớp học, Soạn giáo án",Vũng Tàu,online,Giáo dục
Tổ chức trung thu cho trẻ em cơ nhỡ,"Truyền thông, Giao tiếp, Làm việc nhóm",Nha Trang,buổi sáng,Xã hội
Chăm sóc y tế cộng đồng,"Chăm sóc, Làm việc nhóm, Y tế cơ bản",Nam Định,buổi chiều,Y tế
Hỗ trợ kỹ thuật trong hội thảo trực tuyến,"Thiết kế web, Công nghệ thông tin, Phân tích dữ liệu",Nha Trang,buổi chiều,Công nghệ
Chăm sóc người già neo đơn,"Tư vấn, Làm việc nhóm, Giao tiếp",Cần Thơ,buổi tối,Y tế
Thiết kế poster sự kiện thiện nguyện,"Truyền thông, Làm việc nhóm, Sáng tạo",Long An,buổi tối,Nghệ thuật
Trình diễn văn nghệ cộng đồng,"Sáng tạo, Thiết kế, Nghệ thuật",Thanh Hóa,online,Nghệ thuật
Hỗ trợ ôn thi tốt nghiệp THPT cho học sinh nghèo,"Giảng dạy, Kiên nhẫn, Giao tiếp",Bắc Giang,buổi sáng,Giáo dục
Vẽ tường cổ động môi trường,"Làm việc nhóm, Thiết kế, Truyền thông",Nha Trang,buổi sáng,Nghệ thuật
Thiết kế poster sự kiện thiện nguyện,"Làm việc nhóm, Nghệ thuật, Thiết kế",Vũng Tàu,linh hoạt,Nghệ thuật
Khám sức khỏe miễn phí vùng sâu vùng xa,"Chăm sóc, Y tế cơ bản, Tư vấn",Cần Thơ,buổi chiều,Y tế
Tổ chức Ngày Trái Đất,"Tổ chức sự kiện, Quan sát, Truyền thông",Đắk Lắk,buổi chiều,Môi trường
Dạy học sinh vùng cao,"Tổ chức lớp học, Soạn giáo án, Giao tiếp",Bắc Giang,linh hoạt,Giáo dục
Tổ chức Ngày Trái Đất,"Thuyết trình, Truyền thông, Quan sát",Long An,linh hoạt,Môi trường
Trồng cây phủ xanh đồi trọc,"Truyền thông, Quan sát, Tổ chức sự kiện",Hải Phòng,buổi chiều,Môi trường
Chăm sóc y tế cộng đồng,"Chăm sóc, Làm việc nhóm, Y tế cơ bản",Nghệ An,buổi tối,Y tế
Khám sức khỏe miễn phí vùng sâu vùng xa,"Y tế cơ bản, Làm việc nhóm, Giao tiếp",Bình Dương,online,Y tế
Dọn rác bãi biển Cửa Lò,"Truyền thông, Làm việc nhóm, Tổ chức sự kiện",TP. Hồ Chí Minh,online,Môi trường
Hỗ trợ kỹ thuật trong hội thảo trực tuyến,"Công nghệ thông tin, Lập trình, Giải quyết vấn đề",Đà Nẵng,buổi sáng,Công nghệ
Hỗ trợ người vô gia cư,"Đồng cảm, Tổ chức sự kiện, Giao tiếp",Nam Định,buổi sáng,Xã hội
Dạy nhạc cho trẻ em vùng cao,"Sáng tạo, Nghệ thuật, Thiết kế",Bình Dương,buổi tối,Nghệ thuật
Trồng cây phủ xanh đồi trọc,"Làm việc nhóm, Thuyết trình, Tổ chức sự kiện",Nghệ An,buổi chiều,Môi trường
Chăm sóc người già neo đơn,"Làm việc nhóm, Giao tiếp, Tư vấn",Bình Dương,buổi sáng,Y tế
Tổ chức hackathon sinh viên,"Thiết kế web, Giải quyết vấn đề, Công nghệ thông tin",Hải Phòng,cuối tuần,Công nghệ
Hỗ trợ tổ chức thiện nguyện địa phương,"Làm việc nhóm, Tổ chức sự kiện, Giao tiếp",Nghệ An,linh hoạt,Xã hội
Dọn rác bãi biển Cửa Lò,"Tổ chức sự kiện, Quan sát, Truyền thông",Thái Bình,buổi sáng,Môi trường
Tham gia cứu trợ lũ lụt,"Tổ chức sự kiện, Truyền thông, Làm việc nhóm",TP. Hồ Chí Minh,cuối tuần,Xã hội
Chăm sóc người già neo đơn,"Giao tiếp, Làm việc nhóm, Y tế cơ bản",TP. Hồ Chí Minh,buổi sáng,Y tế
Khám sức khỏe miễn phí vùng sâu vùng xa,"Làm việc nhóm, Tư vấn, Chăm sóc",Vũng Tàu,buổi chiều,Y tế
Chụp ảnh thiện nguyện,"Sáng tạo, Thiết kế, Truyền thông",Lào Cai,buổi chiều,Nghệ thuật
Hướng dẫn phân loại rác tại nguồn,"Tổ chức sự kiện, Quan sát, Truyền thông",Hà Nội,online,Môi trường
Trồng cây phủ xanh đồi trọc,"Quan sát, Làm việc nhóm, Truyền thông",Đà Nẵng,online,Môi trường
Tư vấn chuyển đổi số cho tổ chức xã hội,"Thiết kế web, Công nghệ thông tin, Phân tích dữ liệu",Nha Trang,linh hoạt,Công nghệ
Tư vấn chuyển đổi số cho tổ chức xã hội,"Thiết kế web, Phân tích dữ liệu, Lập trình",Phú Thọ,buổi chiều,Công nghệ
Tổ chức lớp học kỹ năng sống,"Soạn giáo án, Tổ chức lớp học, Giảng dạy",Lào Cai,buổi sáng,Giáo dục
Tổ chức hackathon sinh viên,"Phân tích dữ liệu, Thiết kế web, Công nghệ thông tin",Bắc Giang,cuối tuần,Công nghệ
Hỗ trợ trung tâm khuyết tật học nghề,"Tổ chức lớp học, Kiên nhẫn, Soạn giáo án",Bình Dương,linh hoạt,Giáo dục
Tổ chức hackathon sinh viên,"Thiết kế web, Lập trình, Phân tích dữ liệu",Hà Nội,buổi tối,Công nghệ
Trình diễn văn nghệ cộng đồng,"Sáng tạo, Làm việc nhóm, Thiết kế",Nghệ An,online,Nghệ thuật
Cải thiện bảo mật dữ liệu tổ chức phi lợi nhuận,"Công nghệ thông tin, Thiết kế web, Phân tích dữ liệu",Quảng Ninh,buổi chiều,Công nghệ
Thiết kế poster sự kiện thiện nguyện,"Nghệ thuật, Sáng tạo, Làm việc nhóm",Đà Nẵng,buổi chiều,Nghệ thuật
Chia sẻ kinh nghiệm học tập trực tuyến,"Soạn giáo án, Giao tiếp, Giảng dạy",Đà Nẵng,cuối tuần,Giáo dục
Hướng dẫn phân loại rác tại nguồn,"Quan sát, Truyền thông, Thuyết trình",Lào Cai,online,Môi trường
Hỗ trợ ôn thi tốt nghiệp THPT cho học sinh nghèo,"Soạn giáo án, Giảng dạy, Kiên nhẫn",Kiên Giang,linh hoạt,Giáo dục
Thiết kế hệ thống quản lý tình nguyện viên,"Giải quyết vấn đề, Thiết kế web, Công nghệ thông tin",Huế,buổi sáng,Công nghệ
Tổ chức triển lãm tranh gây quỹ,"Làm việc nhóm, Nghệ thuật, Truyền thông",Nam Định,buổi tối,Nghệ thuật
Hỗ trợ tổ chức thiện nguyện địa phương,"Giao tiếp, Tổ chức sự kiện, Đồng cảm",TP. Hồ Chí Minh,cuối tuần,Xã hội
Trình diễn văn nghệ cộng đồng,"Truyền thông, Làm việc nhóm, Nghệ thuật",Nha Trang,online,Nghệ thuật
Tổ chức buổi tư vấn dinh dưỡng,"Giao tiếp, Làm việc nhóm, Tư vấn",Nghệ An,buổi chiều,Y tế
Hỗ trợ kỹ thuật trong hội thảo trực tuyến,"Công nghệ thông tin, Thiết kế web, Phân tích dữ liệu",Bắc Giang,buổi sáng,Công nghệ
Khám sức khỏe miễn phí vùng sâu vùng xa,"Làm việc nhóm, Giao tiếp, Tư vấn",Đà Nẵng,buổi sáng,Y tế
Chụp ảnh thiện nguyện,"Truyền thông, Thiết kế, Làm việc nhóm",Đà Nẵng,online,Nghệ thuật
Cải thiện bảo mật dữ liệu tổ chức phi lợi nhuận,"Phân tích dữ liệu, Công nghệ thông tin, Giải quyết vấn đề",Đà Nẵng,linh hoạt,Công nghệ
Hỗ trợ bệnh nhân tại bệnh viện,"Tư vấn, Làm việc nhóm, Chăm sóc",Quảng Ninh,buổi chiều,Y tế
Tổ chức Ngày Trái Đất,"Quan sát, Làm việc nhóm, Tổ chức sự kiện",Kiên Giang,buổi tối,Môi trường
Tư vấn tâm lý cho thanh thiếu niên,"Tổ chức sự kiện, Giao tiếp, Đồng cảm",Quảng Ninh,buổi tối,Xã hội
Tham gia cứu trợ lũ lụt,"Tổ chức sự kiện, Truyền thông, Làm việc nhóm",Đắk Lắk,cuối tuần,Xã hội
Trình diễn văn nghệ cộng đồng,"Nghệ thuật, Truyền thông, Làm việc nhóm",Bình Dương,cuối tuần,Nghệ thuật
Trình diễn văn nghệ cộng đồng,"Làm việc nhóm, Nghệ thuật, Sáng tạo",Kiên Giang,buổi chiều,Nghệ thuật
Tư vấn chuyển đổi số cho tổ chức xã hội,"Giải quyết vấn đề, Phân tích dữ liệu, Thiết kế web",Đắk Lắk,buổi chiều,Công nghệ
Hỗ trợ tổ chức thiện nguyện địa phương,"Làm việc nhóm, Tổ chức sự kiện, Giao tiếp",Bình Dương,online,Xã hội
Tuyên truyền bảo vệ môi trường học đường,"Truyền thông, Quan sát, Làm việc nhóm",Vũng Tàu,linh hoạt,Môi trường
Biểu diễn gây quỹ từ thiện,"Sáng tạo, Làm việc nhóm, Thiết kế",Vũng Tàu,buổi tối,Nghệ thuật
Đồng hành cùng học sinh vượt khó,"Đồng cảm, Làm việc nhóm, Giao tiếp",Long An,buổi tối,Xã hội
Tuyên truyền bảo vệ môi trường học đường,"Tổ chức sự kiện, Làm việc nhóm, Quan sát",Hà Nội,linh hoạt,Môi trường
Hỗ trợ người vô gia cư,"Làm việc nhóm, Đồng cảm, Tổ chức sự kiện",Lào Cai,buổi chiều,Xã hội
Tổ chức triển lãm tranh gây quỹ,"Truyền thông, Nghệ thuật, Làm việc nhóm",Hải Phòng,linh hoạt,Nghệ thuật
Thiết kế hệ thống quản lý tình nguyện viên,"Phân tích dữ liệu, Giải quyết vấn đề, Lập trình",Đà Nẵng,buổi sáng,Công nghệ
Dạy học sinh vùng cao,"Giao tiếp, Kiên nhẫn, Tổ chức lớp học",Thanh Hóa,buổi chiều,Giáo dục
Khám sức khỏe miễn phí vùng sâu vùng xa,"Y tế cơ bản, Giao tiếp, Tư vấn",Bình Dương,buổi chiều,Y tế
Chăm sóc người già neo đơn,"Chăm sóc, Y tế cơ bản, Làm việc nhóm",Kiên Giang,linh hoạt,Y tế
Hiến máu nhân đạo,"Y tế cơ bản, Chăm sóc, Tư vấn",Hà Nội,online,Y tế
Tổ chức hoạt động đọc sách cho trẻ em,"Giao tiếp, Giảng dạy, Tổ chức lớp học",Thái Bình,cuối tuần,Giáo dục
Chiến dịch trồng cây xanh,"Thuyết trình, Truyền thông, Làm việc nhóm",Thanh Hóa,linh hoạt,Môi trường
Dọn rác bãi biển Cửa Lò,"Quan sát, Tổ chức sự kiện, Làm việc nhóm",Kiên Giang,online,Môi trường
Thiết kế poster sự kiện thiện nguyện,"Thiết kế, Làm việc nhóm, Truyền thông",Quảng Ninh,buổi chiều,Nghệ thuật
Đồng hành cùng học sinh vượt khó,"Tổ chức sự kiện, Đồng cảm, Làm việc nhóm",Quảng Ninh,cuối tuần,Xã hội
Chăm sóc y tế cộng đồng,"Làm việc nhóm, Chăm sóc, Giao tiếp",Nha Trang,cuối tuần,Y tế
Dạy lập trình Python cho học sinh,"Phân tích dữ liệu, Giải quyết vấn đề, Công nghệ thông tin",Thái Bình,online,Công nghệ
Tái chế rác thải nhựa sáng tạo,"Thuyết trình, Quan sát, Truyền thông",Nha Trang,buổi tối,Môi trường
Tổ chức buổi tư vấn dinh dưỡng,"Chăm sóc, Làm việc nhóm, Tư vấn",Kiên Giang,linh hoạt,Y tế
Dạy lập trình Python cho học sinh,"Giải quyết vấn đề, Thiết kế web, Công nghệ thông tin",Vũng Tàu,buổi sáng,Công nghệ
Tư vấn chuyển đổi số cho tổ chức xã hội,"Lập trình, Thiết kế web, Phân tích dữ liệu",Hà Nội,cuối tuần,Công nghệ
Tổ chức buổi tư vấn dinh dưỡng,"Giao tiếp, Chăm sóc, Tư vấn",Nha Trang,online,Y tế
Hỗ trợ kỹ thuật trong hội thảo trực tuyến,"Thiết kế web, Giải quyết vấn đề, Công nghệ thông tin",Huế,cuối tuần,Công nghệ
Biểu diễn gây quỹ từ thiện,"Sáng tạo, Truyền thông, Nghệ thuật",Thái Bình,cuối tuần,Nghệ thuật
Đồng hành cùng học sinh vượt khó,"Làm việc nhóm, Đồng cảm, Truyền thông",Thanh Hóa,cuối tuần,Xã hội
Biểu diễn gây quỹ từ thiện,"Nghệ thuật, Làm việc nhóm, Thiết kế",Huế,buổi tối,Nghệ thuật
Tham gia cứu trợ lũ lụt,"Làm việc nhóm, Truyền thông, Đồng cảm",Đà Nẵng,cuối tuần,Xã hội
Tuyên truyền bảo vệ môi trường học đường,"Thuyết trình, Làm việc nhóm, Quan sát",Thái Bình,buổi chiều,Môi trường
Tuyên truyền bảo vệ môi trường học đường,"Quan sát, Thuyết trình, Làm việc nhóm",Vũng Tàu,linh hoạt,Môi trường
Vẽ tường cổ động môi trường,"Thiết kế, Làm việc nhóm, Truyền thông",Vũng Tàu,linh hoạt,Nghệ thuật
Hiến máu nhân đạo,"Chăm sóc, Tư vấn, Giao tiếp",Thái Bình,buổi chiều,Y tế
Chiến dịch trồng cây xanh,"Quan sát, Truyền thông, Làm việc nhóm",Quảng Ninh,buổi chiều,Môi trường
Vẽ tường cổ động môi trường,"Thiết kế, Nghệ thuật, Sáng tạo",Cần Thơ,cuối tuần,Nghệ thuật
Biểu diễn gây quỹ từ thiện,"Làm việc nhóm, Thiết kế, Truyền thông",Vũng Tàu,buổi sáng,Nghệ thuật
Chia sẻ kinh nghiệm học tập trực tuyến,"Giảng dạy, Giao tiếp, Tổ chức lớp học",Bình Dương,linh hoạt,Giáo dục
Trình diễn văn nghệ cộng đồng,"Thiết kế, Truyền thông, Nghệ thuật",Hải Phòng,buổi chiều,Nghệ thuật
Chiến dịch trồng cây xanh,"Tổ chức sự kiện, Truyền thông, Làm việc nhóm",Huế,buổi chiều,Môi trường
Hỗ trợ tổ chức thiện nguyện địa phương,"Đồng cảm, Giao tiếp, Làm việc nhóm",Lào Cai,linh hoạt,Xã hội
Hiến máu nhân đạo,"Chăm sóc, Làm việc nhóm, Giao tiếp",Phú Thọ,buổi sáng,Y tế
Dạy lập trình Python cho học sinh,"Giải quyết vấn đề, Công nghệ thông tin, Lập trình",Cần Thơ,linh hoạt,Công nghệ
Tư vấn chuyển đổi số cho tổ chức xã hội,"Công nghệ thông tin, Giải quyết vấn đề, Phân tích dữ liệu",Thái Bình,buổi sáng,Công nghệ
Tổ chức triển lãm tranh gây quỹ,"Thiết kế, Làm việc nhóm, Sáng tạo",Nha Trang,linh hoạt,Nghệ thuật
Tổ chức trung thu cho trẻ em cơ nhỡ,"Truyền thông, Làm việc nhóm, Đồng cảm",Cần Thơ,buổi sáng,Xã hội
Tham gia cứu trợ lũ lụt,"Truyền thông, Đồng cảm, Giao tiếp",Đắk Lắk,linh hoạt,Xã hội
Tham gia cứu trợ lũ lụt,"Truyền thông, Đồng cảm, Giao tiếp",Nam Định,buổi sáng,Xã hội
Chăm sóc y tế cộng đồng,"Làm việc nhóm, Y tế cơ bản, Tư vấn",Hà Nội,online,Y tế
Đồng hành cùng học sinh vượt khó,"Truyền thông, Đồng cảm, Giao tiếp",Bình Dương,linh hoạt,Xã hội
Dọn rác bãi biển Cửa Lò,"Tổ chức sự kiện, Thuyết trình, Truyền thông",Huế,buổi sáng,Môi trường
Dạy lập trình Python cho học sinh,"Phân tích dữ liệu, Giải quyết vấn đề, Thiết kế web",Phú Thọ,linh hoạt,Công nghệ
Biểu diễn gây quỹ từ thiện,"Thiết kế, Nghệ thuật, Truyền thông",Cần Thơ,linh hoạt,Nghệ thuật
Truyền thông phòng chống dịch bệnh,"Y tế cơ bản, Giao tiếp, Tư vấn",Thái Bình,cuối tuần,Y tế
Tổ chức buổi tư vấn dinh dưỡng,"Làm việc nhóm, Giao tiếp, Y tế cơ bản",Kiên Giang,linh hoạt,Y tế
Tổ chức triển lãm tranh gây quỹ,"Làm việc nhóm, Thiết kế, Nghệ thuật",Vũng Tàu,online,Nghệ thuật
Chiến dịch trồng cây xanh,"Thuyết trình, Tổ chức sự kiện, Truyền thông",Vũng Tàu,linh hoạt,Môi trường
Chụp ảnh thiện nguyện,"Truyền thông, Nghệ thuật, Sáng tạo",Long An,cuối tuần,Nghệ thuật
Dọn rác bãi biển Cửa Lò,"Tổ chức sự kiện, Thuyết trình, Quan sát",Long An,linh hoạt,Môi trường
Hướng dẫn phân loại rác tại nguồn,"Truyền thông, Thuyết trình, Tổ chức sự kiện",Hà Nội,buổi tối,Môi trường
Phát triển website phi lợi nhuận,"Giải quyết vấn đề, Thiết kế web, Phân tích dữ liệu",Bắc Giang,buổi sáng,Công nghệ
Dạy học sinh vùng cao,"Kiên nhẫn, Tổ chức lớp học, Giảng dạy",Bắc Giang,buổi tối,Giáo dục
Dạy lập trình Python cho học sinh,"Phân tích dữ liệu, Thiết kế web, Công nghệ thông tin",Nghệ An,online,Công nghệ
Tuyên truyền bảo vệ môi trường học đường,"Quan sát, Làm việc nhóm, Thuyết trình",Nghệ An,buổi chiều,Môi trường
Tổ chức trung thu cho trẻ em cơ nhỡ,"Làm việc nhóm, Truyền thông, Giao tiếp",Huế,linh hoạt,Xã hội
Tổ chức hoạt động đọc sách cho trẻ em,"Soạn giáo án, Giảng dạy, Kiên nhẫn",Huế,online,Giáo dục
Khám sức khỏe miễn phí vùng sâu vùng xa,"Chăm sóc, Y tế cơ bản, Tư vấn",Quảng Ninh,buổi chiều,Y tế
Thiết kế hệ thống quản lý tình nguyện viên,"Công nghệ thông tin, Giải quyết vấn đề, Thiết kế web",Cần Thơ,cuối tuần,Công nghệ
Gia sư miễn phí cho trẻ em khó khăn,"Giảng dạy, Kiên nhẫn, Tổ chức lớp học",Bắc Giang,online,Giáo dục
Hướng dẫn phân loại rác tại nguồn,"Tổ chức sự kiện, Làm việc nhóm, Thuyết trình",Bình Dương,online,Môi trường
Thiết kế poster sự kiện thiện nguyện,"Làm việc nhóm, Nghệ thuật, Thiết kế",Bắc Giang,cuối tuần,Nghệ thuật
Tư vấn chuyển đổi số cho tổ chức xã hội,"Lập trình, Thiết kế web, Công nghệ thông tin",Hải Phòng,buổi tối,Công nghệ
Tư vấn tâm lý cho thanh thiếu niên,"Truyền thông, Làm việc nhóm, Giao tiếp",Nha Trang,buổi sáng,Xã hội
Trồng cây phủ xanh đồi trọc,"Truyền thông, Quan sát, Làm việc nhóm",Hải Phòng,buổi sáng,Môi trường
Chiến dịch trồng cây xanh,"Tổ chức sự kiện, Truyền thông, Quan sát",Nha Trang,cuối tuần,Môi trường
Thiết kế poster sự kiện thiện nguyện,"Truyền thông, Nghệ thuật, Thiết kế",Kiên Giang,buổi chiều,Nghệ thuật
Tham gia cứu trợ lũ lụt,"Làm việc nhóm, Đồng cảm, Giao tiếp",Nghệ An,buổi sáng,Xã hội
Trồng cây phủ xanh đồi trọc,"Làm việc nhóm, Truyền thông, Thuyết trình",Lào Cai,buổi tối,Môi trường
Thiết kế poster sự kiện thiện nguyện,"Sáng tạo, Truyền thông, Nghệ thuật",TP. Hồ Chí Minh,buổi sáng,Nghệ thuật
Tư vấn tâm lý cho thanh thiếu niên,"Làm việc nhóm, Đồng cảm, Truyền thông",Thái Bình,linh hoạt,Xã hội
Chia sẻ kinh nghiệm học tập trực tuyến,"Giao tiếp, Giảng dạy, Kiên nhẫn",Cần Thơ,cuối tuần,Giáo dục
Phát triển website phi lợi nhuận,"Thiết kế web, Lập trình, Công nghệ thông tin",Vũng Tàu,buổi sáng,Công nghệ
Chăm sóc người già neo đơn,"Làm việc nhóm, Giao tiếp, Chăm sóc",Kiên Giang,buổi sáng,Y tế
Tổ chức hackathon sinh viên,"Công nghệ thông tin, Lập trình, Giải quyết vấn đề",Hải Phòng,linh hoạt,Công nghệ
Khám sức khỏe miễn phí vùng sâu vùng xa,"Giao tiếp, Y tế cơ bản, Tư vấn",Thái Bình,buổi sáng,Y tế
Chụp ảnh thiện nguyện,"Thiết kế, Sáng tạo, Nghệ thuật",Thái Bình,buổi tối,Nghệ thuật
Thiết kế hệ thống quản lý tình nguyện viên,"Thiết kế web, Phân tích dữ liệu, Công nghệ thông tin",Vũng Tàu,cuối tuần,Công nghệ
Hỗ trợ kỹ thuật trong hội thảo trực tuyến,"Giải quyết vấn đề, Công nghệ thông tin, Thiết kế web",Hải Phòng,cuối tuần,Công nghệ
Chiến dịch trồng cây xanh,"Truyền thông, Thuyết trình, Làm việc nhóm",Kiên Giang,buổi sáng,Môi trường
Tổ chức Ngày Trái Đất,"Tổ chức sự kiện, Thuyết trình, Truyền thông",Hà Nội,linh hoạt,Môi trường
Tổ chức Ngày Trái Đất,"Quan sát, Thuyết trình, Truyền thông",Nha Trang,online,Môi trường
Hỗ trợ bệnh nhân tại bệnh viện,"Chăm sóc, Làm việc nhóm, Y tế cơ bản",Đà Nẵng,cuối tuần,Y tế
Tổ chức Ngày Trái Đất,"Tổ chức sự kiện, Truyền thông, Thuyết trình",Đắk Lắk,cuối tuần,Môi trường
Chiến dịch trồng cây xanh,"Truyền thông, Thuyết trình, Quan sát",Quảng Ninh,online,Môi trường
Trình diễn văn nghệ cộng đồng,"Truyền thông, Sáng tạo, Làm việc nhóm",TP. Hồ Chí Minh,buổi tối,Nghệ thuật
Biểu diễn gây quỹ từ thiện,"Làm việc nhóm, Sáng tạo, Truyền thông",Nha Trang,buổi sáng,Nghệ thuật
Gia sư miễn phí cho trẻ em khó khăn,"Kiên nhẫn, Soạn giáo án, Giao tiếp",Lào Cai,cuối tuần,Giáo dục
Thiết kế hệ thống quản lý tình nguyện viên,"Công nghệ thông tin, Phân tích dữ liệu, Giải quyết vấn đề",Nghệ An,buổi sáng,Công nghệ
Hỗ trợ kỹ thuật trong hội thảo trực tuyến,"Thiết kế web, Phân tích dữ liệu, Giải quyết vấn đề",TP. Hồ Chí Minh,buổi tối,Công nghệ
Gây quỹ ủng hộ trẻ em nghèo,"Giao tiếp, Làm việc nhóm, Tổ chức sự kiện",Hải Phòng,buổi tối,Xã hội
Dạy lập trình Python cho học sinh,"Giải quyết vấn đề, Lập trình, Thiết kế web",Quảng Ninh,linh hoạt,Công nghệ
Tổ chức lớp học kỹ năng sống,"Giao tiếp, Tổ chức lớp học, Kiên nhẫn",Hải Phòng,online,Giáo dục
Đồng hành cùng học sinh vượt khó,"Tổ chức sự kiện, Đồng cảm, Làm việc nhóm",Thái Bình,linh hoạt,Xã hội
Dạy lập trình Python cho học sinh,"Phân tích dữ liệu, Công nghệ thông tin, Lập trình",Phú Thọ,buổi sáng,Công nghệ
Đồng hành cùng học sinh vượt khó,"Làm việc nhóm, Giao tiếp, Tổ chức sự kiện",Đà Nẵng,cuối tuần,Xã hội
Chia sẻ kinh nghiệm học tập trực tuyến,"Soạn giáo án, Giảng dạy, Tổ chức lớp học",Bắc Giang,linh hoạt,Giáo dục
Hỗ trợ trung tâm khuyết tật học nghề,"Kiên nhẫn, Soạn giáo án, Tổ chức lớp học",Huế,cuối tuần,Giáo dục
Chiến dịch trồng cây xanh,"Quan sát, Thuyết trình, Tổ chức sự kiện",Nha Trang,cuối tuần,Môi trường
Hỗ trợ trung tâm khuyết tật học nghề,"Tổ chức lớp học, Kiên nhẫn, Giảng dạy",Đà Nẵng,buổi tối,Giáo dục
Hỗ trợ kỹ thuật trong hội thảo trực tuyến,"Phân tích dữ liệu, Giải quyết vấn đề, Lập trình",Huế,online,Công nghệ
Truyền thông phòng chống dịch bệnh,"Chăm sóc, Giao tiếp, Làm việc nhóm",Bắc Giang,cuối tuần,Y tế
Hỗ trợ trung tâm khuyết tật học nghề,"Giao tiếp, Soạn giáo án, Tổ chức lớp học",Bắc Giang,buổi sáng,Giáo dục
Dạy lập trình Python cho học sinh,"Giải quyết vấn đề, Phân tích dữ liệu, Thiết kế web",Nha Trang,online,Công nghệ
Tư vấn chuyển đổi số cho tổ chức xã hội,"Lập trình, Thiết kế web, Công nghệ thông tin",Phú Thọ,buổi tối,Công nghệ
Tổ chức lớp học kỹ năng sống,"Giảng dạy, Soạn giáo án, Kiên nhẫn",Bình Dương,buổi tối,Giáo dục
Cải thiện bảo mật dữ liệu tổ chức phi lợi nhuận,"Thiết kế web, Phân tích dữ liệu, Công nghệ thông tin",Đà Nẵng,cuối tuần,Công nghệ
Dạy nhạc cho trẻ em vùng cao,"Nghệ thuật, Làm việc nhóm, Truyền thông",Thái Bình,buổi tối,Nghệ thuật
Tổ chức triển lãm tranh gây quỹ,"Thiết kế, Sáng tạo, Nghệ thuật",Đà Nẵng,online,Nghệ thuật
Tái chế rác thải nhựa sáng tạo,"Thuyết trình, Tổ chức sự kiện, Quan sát",Nha Trang,buổi chiều,Môi trường
Trồng cây phủ xanh đồi trọc,"Làm việc nhóm, Quan sát, Truyền thông",Đà Nẵng,linh hoạt,Môi trường
Hỗ trợ tổ chức thiện nguyện địa phương,"Giao tiếp, Tổ chức sự kiện, Làm việc nhóm",Bắc Giang,buổi sáng,Xã hội
Phát triển website phi lợi nhuận,"Phân tích dữ liệu, Lập trình, Công nghệ thông tin",Huế,linh hoạt,Công nghệ
Tổ chức hackathon sinh viên,"Công nghệ thông tin, Phân tích dữ liệu, Thiết kế web",Thái Bình,linh hoạt,Công nghệ
Hỗ trợ kỹ thuật trong hội thảo trực tuyến,"Giải quyết vấn đề, Phân tích dữ liệu, Lập trình",Kiên Giang,linh hoạt,Công nghệ
Dạy nhạc cho trẻ em vùng cao,"Nghệ thuật, Làm việc nhóm, Sáng tạo",Long An,linh hoạt,Nghệ thuật
Tư vấn chuyển đổi số cho tổ chức xã hội,"Giải quyết vấn đề, Phân tích dữ liệu, Công nghệ thông tin",TP. Hồ Chí Minh,buổi chiều,Công nghệ
Dạy nhạc cho trẻ em vùng cao,"Truyền thông, Làm việc nhóm, Sáng tạo",Lào Cai,buổi chiều,Nghệ thuật
Tái chế rác thải nhựa sáng tạo,"Thuyết trình, Làm việc nhóm, Quan sát",Phú Thọ,buổi sáng,Môi trường
Tổ chức hoạt động đọc sách cho trẻ em,"Tổ chức lớp học, Giảng dạy, Kiên nhẫn",Đắk Lắk,buổi sáng,Giáo dục
Dạy lập trình Python cho học sinh,"Lập trình, Công nghệ thông tin, Thiết kế web",Bình Dương,buổi chiều,Công nghệ
Tư vấn chuyển đổi số cho tổ chức xã hội,"Lập trình, Phân tích dữ liệu, Công nghệ thông tin",Kiên Giang,buổi tối,Công nghệ
Tổ chức triển lãm tranh gây quỹ,"Nghệ thuật, Làm việc nhóm, Thiết kế",Hà Nội,cuối tuần,Nghệ thuật
Trình diễn văn nghệ cộng đồng,"Truyền thông, Sáng tạo, Làm việc nhóm",Bắc Giang,cuối tuần,Nghệ thuật
Tham gia cứu trợ lũ lụt,"Giao tiếp, Đồng cảm, Tổ chức sự kiện",Nghệ An,buổi chiều,Xã hội
Truyền thông phòng chống dịch bệnh,"Làm việc nhóm, Chăm sóc, Giao tiếp",Kiên Giang,linh hoạt,Y tế
Chia sẻ kinh nghiệm học tập trực tuyến,"Tổ chức lớp học, Giảng dạy, Giao tiếp",Cần Thơ,buổi chiều,Giáo dục
Đồng hành cùng học sinh vượt khó,"Tổ chức sự kiện, Làm việc nhóm, Truyền thông",Hải Phòng,buổi sáng,Xã hội
Gây quỹ ủng hộ trẻ em nghèo,"Giao tiếp, Đồng cảm, Làm việc nhóm",Bắc Giang,linh hoạt,Xã hội
Hỗ trợ ôn thi tốt nghiệp THPT cho học sinh nghèo,"Soạn giáo án, Giao tiếp, Kiên nhẫn",Đắk Lắk,buổi tối,Giáo dục
Khám sức khỏe miễn phí vùng sâu vùng xa,"Tư vấn, Chăm sóc, Làm việc nhóm",Cần Thơ,buổi tối,Y tế
Trình diễn văn nghệ cộng đồng,"Truyền thông, Sáng tạo, Làm việc nhóm",Bắc Giang,online,Nghệ thuật
Chụp ảnh thiện nguyện,"Thiết kế, Truyền thông, Nghệ thuật",Nha Trang,buổi tối,Nghệ thuật
Tư vấn tâm lý cho thanh thiếu niên,"Đồng cảm, Tổ chức sự kiện, Làm việc nhóm",Nha Trang,cuối tuần,Xã hội
Chăm sóc người già neo đơn,"Giao tiếp, Làm việc nhóm, Chăm sóc",Thanh Hóa,buổi tối,Y tế
Thiết kế poster sự kiện thiện nguyện,"Thiết kế, Nghệ thuật, Truyền thông",Thái Bình,buổi tối,Nghệ thuật
Chiến dịch trồng cây xanh,"Làm việc nhóm, Quan sát, Thuyết trình",Long An,online,Môi trường
Hiến máu nhân đạo,"Làm việc nhóm, Tư vấn, Giao tiếp",Thái Bình,buổi tối,Y tế
Tổ chức buổi tư vấn dinh dưỡng,"Làm việc nhóm, Y tế cơ bản, Giao tiếp",Cần Thơ,buổi chiều,Y tế
Hỗ trợ kỹ thuật trong hội thảo trực tuyến,"Giải quyết vấn đề, Công nghệ thông tin, Thiết kế web",Phú Thọ,online,Công nghệ
Chia sẻ kinh nghiệm học tập trực tuyến,"Giảng dạy, Giao tiếp, Tổ chức lớp học",Nghệ An,cuối tuần,Giáo dục
Thiết kế poster sự kiện thiện nguyện,"Nghệ thuật, Thiết kế, Sáng tạo",Hà Nội,buổi sáng,Nghệ thuật
Hỗ trợ ôn thi tốt nghiệp THPT cho học sinh nghèo,"Kiên nhẫn, Soạn giáo án, Giao tiếp",Bắc Giang,buổi tối,Giáo dục
Chăm sóc người già neo đơn,"Tư vấn, Giao tiếp, Làm việc nhóm",Thanh Hóa,buổi chiều,Y tế
Khám sức khỏe miễn phí vùng sâu vùng xa,"Y tế cơ bản, Tư vấn, Làm việc nhóm",Nam Định,linh hoạt,Y tế
Tư vấn tâm lý cho thanh thiếu niên,"Đồng cảm, Giao tiếp, Truyền thông",Vũng Tàu,cuối tuần,Xã hội
Hỗ trợ ôn thi tốt nghiệp THPT cho học sinh nghèo,"Soạn giáo án, Kiên nhẫn, Giao tiếp",Bình Dương,buổi tối,Giáo dục
Tổ chức hackathon sinh viên,"Công nghệ thông tin, Lập trình, Thiết kế web",Thái Bình,buổi sáng,Công nghệ
Chiến dịch trồng cây xanh,"Tổ chức sự kiện, Làm việc nhóm, Truyền thông",Bắc Giang,buổi chiều,Môi trường
Truyền thông phòng chống dịch bệnh,"Giao tiếp, Tư vấn, Chăm sóc",Huế,buổi tối,Y tế
Truyền thông phòng chống dịch bệnh,"Tư vấn, Y tế cơ bản, Giao tiếp",Vũng Tàu,linh hoạt,Y tế
Chụp ảnh thiện nguyện,"Truyền thông, Thiết kế, Làm việc nhóm",Đà Nẵng,buổi chiều,Nghệ thuật
Tổ chức lớp học kỹ năng sống,"Tổ chức lớp học, Kiên nhẫn, Soạn giáo án",Bình Dương,buổi chiều,Giáo dục
Trình diễn văn nghệ cộng đồng,"Sáng tạo, Truyền thông, Thiết kế",Phú Thọ,cuối tuần,Nghệ thuật
Tư vấn tâm lý cho thanh thiếu niên,"Giao tiếp, Tổ chức sự kiện, Làm việc nhóm",Bình Dương,cuối tuần,Xã hội
Tổ chức Ngày Trái Đất,"Thuyết trình, Quan sát, Làm việc nhóm",Đà Nẵng,linh hoạt,Môi trường
Tư vấn chuyển đổi số cho tổ chức xã hội,"Giải quyết vấn đề, Thiết kế web, Công nghệ thông tin",Vũng Tàu,buổi chiều,Công nghệ
Truyền thông phòng chống dịch bệnh,"Làm việc nhóm, Chăm sóc, Giao tiếp",Đắk Lắk,buổi sáng,Y tế
Khám sức khỏe miễn phí vùng sâu vùng xa,"Giao tiếp, Tư vấn, Y tế cơ bản",Nha Trang,online,Y tế
Hỗ trợ trung tâm khuyết tật học nghề,"Giảng dạy, Kiên nhẫn, Giao tiếp",TP. Hồ Chí Minh,online,Giáo dục
Dạy lập trình Python cho học sinh,"Giải quyết vấn đề, Công nghệ thông tin, Thiết kế web",Huế,buổi chiều,Công nghệ
Tổ chức hackathon sinh viên,"Lập trình, Phân tích dữ liệu, Giải quyết vấn đề",TP. Hồ Chí Minh,buổi chiều,Công nghệ
Tổ chức trung thu cho trẻ em cơ nhỡ,"Giao tiếp, Đồng cảm, Tổ chức sự kiện",Thái Bình,linh hoạt,Xã hội
Cải thiện bảo mật dữ liệu tổ chức phi lợi nhuận,"Lập trình, Thiết kế web, Giải quyết vấn đề",Kiên Giang,buổi sáng,Công nghệ
Hỗ trợ ôn thi tốt nghiệp THPT cho học sinh nghèo,"Giao tiếp, Giảng dạy, Kiên nhẫn",Hà Nội,cuối tuần,Giáo dục
Tổ chức buổi tư vấn dinh dưỡng,"Chăm sóc, Tư vấn, Giao tiếp",Đà Nẵng,linh hoạt,Y tế
Hướng dẫn phân loại rác tại nguồn,"Tổ chức sự kiện, Thuyết trình, Làm việc nhóm",Quảng Ninh,buổi tối,Môi trường
Tổ chức hackathon sinh viên,"Giải quyết vấn đề, Công nghệ thông tin, Thiết kế web",Hải Phòng,online,Công nghệ
Tổ chức buổi tư vấn dinh dưỡng,"Chăm sóc, Giao tiếp, Tư vấn",Nam Định,buổi tối,Y tế
Dạy nhạc cho trẻ em vùng cao,"Truyền thông, Thiết kế, Làm việc nhóm",Huế,cuối tuần,Nghệ thuật
Hỗ trợ ôn thi tốt nghiệp THPT cho học sinh nghèo,"Soạn giáo án, Kiên nhẫn, Tổ chức lớp học",TP. Hồ Chí Minh,buổi tối,Giáo dục
Trình diễn văn nghệ cộng đồng,"Truyền thông, Nghệ thuật, Thiết kế",Thái Bình,online,Nghệ thuật
Hỗ trợ người vô gia cư,"Làm việc nhóm, Đồng cảm, Giao tiếp",Bắc Giang,buổi chiều,Xã hội
Tổ chức lớp học kỹ năng sống,"Soạn giáo án, Giao tiếp, Tổ chức lớp học",Cần Thơ,online,Giáo dục
Dọn rác bãi biển Cửa Lò,"Thuyết trình, Tổ chức sự kiện, Truyền thông",Nghệ An,buổi chiều,Môi trường
Tổ chức lớp học kỹ năng sống,"Giao tiếp, Kiên nhẫn, Tổ chức lớp học",Bắc Giang,cuối tuần,Giáo dục
Dạy học sinh vùng cao,"Giao tiếp, Soạn giáo án, Giảng dạy",Lào Cai,online,Giáo dục
Tổ chức trung thu cho trẻ em cơ nhỡ,"Truyền thông, Làm việc nhóm, Đồng cảm",Quảng Ninh,online,Xã hội
Tổ chức buổi tư vấn dinh dưỡng,"Tư vấn, Y tế cơ bản, Làm việc nhóm",Phú Thọ,online,Y tế
Truyền thông phòng chống dịch bệnh,"Tư vấn, Y tế cơ bản, Làm việc nhóm",Lào Cai,online,Y tế
Hỗ trợ bệnh nhân tại bệnh viện,"Y tế cơ bản, Làm việc nhóm, Tư vấn",Hải Phòng,buổi sáng,Y tế
Tổ chức Ngày Trái Đất,"Thuyết trình, Truyền thông, Quan sát",Bình Dương,online,Môi trường
Biểu diễn gây quỹ từ thiện,"Làm việc nhóm, Thiết kế, Sáng tạo",Nam Định,cuối tuần,Nghệ thuật
Tham gia cứu trợ lũ lụt,"Làm việc nhóm, Tổ chức sự kiện, Truyền thông",Bắc Giang,online,Xã hội
Hỗ trợ ôn thi tốt nghiệp THPT cho học sinh nghèo,"Soạn giáo án, Tổ chức lớp học, Kiên nhẫn",Thanh Hóa,linh hoạt,Giáo dục
Tổ chức Ngày Trái Đất,"Quan sát, Tổ chức sự kiện, Làm việc nhóm",Nghệ An,buổi chiều,Môi trường
Chăm sóc y tế cộng đồng,"Làm việc nhóm, Tư vấn, Chăm sóc",Nam Định,cuối tuần,Y tế
Tổ chức Ngày Trái Đất,"Thuyết trình, Truyền thông, Quan sát",Vũng Tàu,buổi sáng,Môi trường
Tuyên truyền bảo vệ môi trường học đường,"Quan sát, Làm việc nhóm, Tổ chức sự kiện",TP. Hồ Chí Minh,buổi sáng,Môi trường
Chăm sóc y tế cộng đồng,"Làm việc nhóm, Giao tiếp, Tư vấn",Nam Định,buổi sáng,Y tế
Tổ chức lớp học kỹ năng sống,"Soạn giáo án, Giao tiếp, Giảng dạy",Bắc Giang,buổi chiều,Giáo dục
Dạy học sinh vùng cao,"Tổ chức lớp học, Kiên nhẫn, Soạn giáo án",Phú Thọ,cuối tuần,Giáo dục
Chăm sóc y tế cộng đồng,"Y tế cơ bản, Làm việc nhóm, Tư vấn",Kiên Giang,linh hoạt,Y tế
Vẽ tường cổ động môi trường,"Làm việc nhóm, Thiết kế, Truyền thông",Nha Trang,buổi chiều,Nghệ thuật
Tổ chức triển lãm tranh gây quỹ,"Nghệ thuật, Sáng tạo, Làm việc nhóm",Thanh Hóa,buổi chiều,Nghệ thuật
Truyền thông phòng chống dịch bệnh,"Chăm sóc, Y tế cơ bản, Tư vấn",Thái Bình,cuối tuần,Y tế
Tổ chức trung thu cho trẻ em cơ nhỡ,"Tổ chức sự kiện, Giao tiếp, Đồng cảm",Phú Thọ,online,Xã hội
Chăm sóc người già neo đơn,"Chăm sóc, Y tế cơ bản, Giao tiếp",TP. Hồ Chí Minh,buổi sáng,Y tế
Tái chế rác thải nhựa sáng tạo,"Truyền thông, Thuyết trình, Làm việc nhóm",Bắc Giang,linh hoạt,Môi trường
Dọn rác bãi biển Cửa Lò,"Làm việc nhóm, Quan sát, Tổ chức sự kiện",Lào Cai,buổi sáng,Môi trường
Truyền thông phòng chống dịch bệnh,"Giao tiếp, Tư vấn, Làm việc nhóm",Cần Thơ,buổi chiều,Y tế
Tổ chức hackathon sinh viên,"Thiết kế web, Phân tích dữ liệu, Công nghệ thông tin",Quảng Ninh,linh hoạt,Công nghệ
Chụp ảnh thiện nguyện,"Thiết kế, Truyền thông, Sáng tạo",Quảng Ninh,buổi chiều,Nghệ thuật
Trồng cây phủ xanh đồi trọc,"Quan sát, Thuyết trình, Làm việc nhóm",Phú Thọ,cuối tuần,Môi trường
Tổ chức trung thu cho trẻ em cơ nhỡ,"Tổ chức sự kiện, Truyền thông, Làm việc nhóm",Cần Thơ,buổi sáng,Xã hội
Hỗ trợ tổ chức thiện nguyện địa phương,"Truyền thông, Tổ chức sự kiện, Đồng cảm",Nghệ An,online,Xã hội
Tổ chức trung thu cho trẻ em cơ nhỡ,"Giao tiếp, Truyền thông, Tổ chức sự kiện",Đắk Lắk,cuối tuần,Xã hội
Dạy nhạc cho trẻ em vùng cao,"Sáng tạo, Thiết kế, Truyền thông",Phú Thọ,buổi chiều,Nghệ thuật
Cải thiện bảo mật dữ liệu tổ chức phi lợi nhuận,"Công nghệ thông tin, Giải quyết vấn đề, Thiết kế web",Huế,cuối tuần,Công nghệ
Hướng dẫn phân loại rác tại nguồn,"Tổ chức sự kiện, Truyền thông, Làm việc nhóm",Kiên Giang,linh hoạt,Môi trường
Tổ chức triển lãm tranh gây quỹ,"Truyền thông, Làm việc nhóm, Sáng tạo",Huế,cuối tuần,Nghệ thuật
Dạy học sinh vùng cao,"Soạn giáo án, Kiên nhẫn, Giảng dạy",Lào Cai,buổi tối,Giáo dục
Biểu diễn gây quỹ từ thiện,"Thiết kế, Sáng tạo, Truyền thông",Long An,cuối tuần,Nghệ thuật
Cải thiện bảo mật dữ liệu tổ chức phi lợi nhuận,"Thiết kế web, Giải quyết vấn đề, Công nghệ thông tin",Bình Dương,buổi chiều,Công nghệ
Chiến dịch trồng cây xanh,"Tổ chức sự kiện, Làm việc nhóm, Thuyết trình",Cần Thơ,buổi sáng,Môi trường
Hỗ trợ tổ chức thiện nguyện địa phương,"Giao tiếp, Đồng cảm, Truyền thông",Bình Dương,online,Xã hội
Hỗ trợ trung tâm khuyết tật học nghề,"Giao tiếp, Kiên nhẫn, Tổ chức lớp học",Hải Phòng,buổi tối,Giáo dục
Tổ chức hackathon sinh viên,"Phân tích dữ liệu, Thiết kế web, Lập trình",Thái Bình,buổi chiều,Công nghệ
Biểu diễn gây quỹ từ thiện,"Thiết kế, Truyền thông, Sáng tạo",Phú Thọ,buổi chiều,Nghệ thuật
Tổ chức hoạt động đọc sách cho trẻ em,"Soạn giáo án, Tổ chức lớp học, Giao tiếp",Nha Trang,buổi sáng,Giáo dục
Truyền thông phòng chống dịch bệnh,"Giao tiếp, Chăm sóc, Làm việc nhóm",Vũng Tàu,online,Y tế
Dạy học sinh vùng cao,"Giao tiếp, Kiên nhẫn, Tổ chức lớp học",Vũng Tàu,buổi sáng,Giáo dục
Chụp ảnh thiện nguyện,"Nghệ thuật, Truyền thông, Thiết kế",TP. Hồ Chí Minh,cuối tuần,Nghệ thuật
Hỗ trợ kỹ thuật trong hội thảo trực tuyến,"Công nghệ thông tin, Phân tích dữ liệu, Thiết kế web",Bình Dương,buổi chiều,Công nghệ
Gia sư miễn phí cho trẻ em khó khăn,"Giao tiếp, Tổ chức lớp học, Kiên nhẫn",Long An,linh hoạt,Giáo dục
Thiết kế hệ thống quản lý tình nguyện viên,"Lập trình, Giải quyết vấn đề, Thiết kế web",Hải Phòng,linh hoạt,Công nghệ
Tổ chức Ngày Trái Đất,"Làm việc nhóm, Quan sát, Truyền thông",Phú Thọ,buổi sáng,Môi trường
Tư vấn chuyển đổi số cho tổ chức xã hội,"Phân tích dữ liệu, Thiết kế web, Giải quyết vấn đề",Thái Bình,linh hoạt,Công nghệ
Tổ chức triển lãm tranh gây quỹ,"Sáng tạo, Thiết kế, Làm việc nhóm",Đắk Lắk,buổi chiều,Nghệ thuật
Chiến dịch trồng cây xanh,"Làm việc nhóm, Quan sát, Tổ chức sự kiện",Đà Nẵng,cuối tuần,Môi trường
Dạy nhạc cho trẻ em vùng cao,"Làm việc nhóm, Truyền thông, Nghệ thuật",Phú Thọ,buổi sáng,Nghệ thuật
Hỗ trợ tổ chức thiện nguyện địa phương,"Giao tiếp, Truyền thông, Làm việc nhóm",Hải Phòng,cuối tuần,Xã hội
Dạy học sinh vùng cao,"Giảng dạy, Soạn giáo án, Tổ chức lớp học",Nam Định,buổi tối,Giáo dục
Biểu diễn gây quỹ từ thiện,"Nghệ thuật, Làm việc nhóm, Truyền thông",Đà Nẵng,buổi tối,Nghệ thuật
Tham gia cứu trợ lũ lụt,"Đồng cảm, Truyền thông, Giao tiếp",TP. Hồ Chí Minh,online,Xã hội
Tổ chức hoạt động đọc sách cho trẻ em,"Giảng dạy, Giao tiếp, Soạn giáo án",Thái Bình,linh hoạt,Giáo dục
Truyền thông phòng chống dịch bệnh,"Giao tiếp, Chăm sóc, Tư vấn",Thanh Hóa,buổi chiều,Y tế
Phát triển website phi lợi nhuận,"Phân tích dữ liệu, Công nghệ thông tin, Thiết kế web",Thái Bình,buổi sáng,Công nghệ
Tuyên truyền bảo vệ môi trường học đường,"Thuyết trình, Tổ chức sự kiện, Truyền thông",TP. Hồ Chí Minh,cuối tuần,Môi trường
Tổ chức lớp học kỹ năng sống,"Giao tiếp, Soạn giáo án, Kiên nhẫn",Lào Cai,cuối tuần,Giáo dục
Chăm sóc y tế cộng đồng,"Chăm sóc, Tư vấn, Làm việc nhóm",Thanh Hóa,buổi sáng,Y tế
Truyền thông phòng chống dịch bệnh,"Làm việc nhóm, Giao tiếp, Tư vấn",Hải Phòng,buổi chiều,Y tế
Cải thiện bảo mật dữ liệu tổ chức phi lợi nhuận,"Giải quyết vấn đề, Lập trình, Phân tích dữ liệu",Bắc Giang,buổi chiều,Công nghệ
Hỗ trợ kỹ thuật trong hội thảo trực tuyến,"Giải quyết vấn đề, Lập trình, Phân tích dữ liệu",Kiên Giang,buổi sáng,Công nghệ
Hỗ trợ người vô gia cư,"Giao tiếp, Đồng cảm, Tổ chức sự kiện",Nam Định,buổi tối,Xã hội
Tổ chức hackathon sinh viên,"Lập trình, Công nghệ thông tin, Giải quyết vấn đề",Phú Thọ,linh hoạt,Công nghệ
Tổ chức trung thu cho trẻ em cơ nhỡ,"Truyền thông, Tổ chức sự kiện, Làm việc nhóm",Phú Thọ,buổi tối,Xã hội
Chia sẻ kinh nghiệm học tập trực tuyến,"Giao tiếp, Kiên nhẫn, Soạn giáo án",Long An,buổi sáng,Giáo dục
Tổ chức hoạt động đọc sách cho trẻ em,"Soạn giáo án, Kiên nhẫn, Giảng dạy",Nam Định,cuối tuần,Giáo dục
Tái chế rác thải nhựa sáng tạo,"Thuyết trình, Làm việc nhóm, Truyền thông",Phú Thọ,buổi chiều,Môi trường
Tổ chức hoạt động đọc sách cho trẻ em,"Soạn giáo án, Giảng dạy, Kiên nhẫn",Vũng Tàu,buổi chiều,Giáo dục
Dạy lập trình Python cho học sinh,"Lập trình, Giải quyết vấn đề, Phân tích dữ liệu",Kiên Giang,cuối tuần,Công nghệ
Cải thiện bảo mật dữ liệu tổ chức phi lợi nhuận,"Công nghệ thông tin, Phân tích dữ liệu, Giải quyết vấn đề",Đắk Lắk,online,Công nghệ
Chia sẻ kinh nghiệm học tập trực tuyến,"Soạn giáo án, Kiên nhẫn, Tổ chức lớp học",Nha Trang,online,Giáo dục
Hỗ trợ ôn thi tốt nghiệp THPT cho học sinh nghèo,"Kiên nhẫn, Tổ chức lớp học, Soạn giáo án",Bình Dương,buổi tối,Giáo dục
Trình diễn văn nghệ cộng đồng,"Nghệ thuật, Sáng tạo, Thiết kế",Hải Phòng,linh hoạt,Nghệ thuật
Vẽ tường cổ động môi trường,"Nghệ thuật, Truyền thông, Thiết kế",Thái Bình,buổi sáng,Nghệ thuật
Chụp ảnh thiện nguyện,"Truyền thông, Nghệ thuật, Sáng tạo",Nam Định,buổi tối,Nghệ thuật
Tư vấn tâm lý cho thanh thiếu niên,"Làm việc nhóm, Đồng cảm, Truyền thông",Lào Cai,buổi tối,Xã hội
Tổ chức hackathon sinh viên,"Công nghệ thông tin, Thiết kế web, Phân tích dữ liệu",Thái Bình,buổi chiều,Công nghệ
Thiết kế poster sự kiện thiện nguyện,"Thiết kế, Nghệ thuật, Truyền thông",Quảng Ninh,buổi tối,Nghệ thuật
Gia sư miễn phí cho trẻ em khó khăn,"Kiên nhẫn, Soạn giáo án, Giảng dạy",Đắk Lắk,buổi chiều,Giáo dục
Hỗ trợ kỹ thuật trong hội thảo trực tuyến,"Thiết kế web, Công nghệ thông tin, Phân tích dữ liệu",Huế,online,Công nghệ
Đồng hành cùng học sinh vượt khó,"Làm việc nhóm, Truyền thông, Tổ chức sự kiện",Long An,linh hoạt,Xã hội
Tổ chức triển lãm tranh gây quỹ,"Nghệ thuật, Thiết kế, Sáng tạo",Phú Thọ,cuối tuần,Nghệ thuật
Khám sức khỏe miễn phí vùng sâu vùng xa,"Y tế cơ bản, Giao tiếp, Tư vấn",Kiên Giang,buổi chiều,Y tế
Thiết kế poster sự kiện thiện nguyện,"Nghệ thuật, Làm việc nhóm, Thiết kế",Lào Cai,cuối tuần,Nghệ thuật
Hỗ trợ trung tâm khuyết tật học nghề,"Giao tiếp, Soạn giáo án, Kiên nhẫn",Cần Thơ,buổi sáng,Giáo dục
Tuyên truyền bảo vệ môi trường học đường,"Làm việc nhóm, Truyền thông, Quan sát",Quảng Ninh,linh hoạt,Môi trường
Dạy lập trình Python cho học sinh,"Công nghệ thông tin, Phân tích dữ liệu, Thiết kế web",Thanh Hóa,cuối tuần,Công nghệ
Tổ chức hackathon sinh viên,"Giải quyết vấn đề, Lập trình, Công nghệ thông tin",Vũng Tàu,buổi chiều,Công nghệ
Gia sư miễn phí cho trẻ em khó khăn,"Tổ chức lớp học, Soạn giáo án, Giao tiếp",Bình Dương,buổi sáng,Giáo dục
Cải thiện bảo mật dữ liệu tổ chức phi lợi nhuận,"Công nghệ thông tin, Thiết kế web, Lập trình",Bình Dương,online,Công nghệ
Phát triển website phi lợi nhuận,"Công nghệ thông tin, Lập trình, Thiết kế web",Bình Dương,linh hoạt,Công nghệ
Tổ chức triển lãm tranh gây quỹ,"Thiết kế, Làm việc nhóm, Truyền thông",Nha Trang,buổi chiều,Nghệ thuật
Phát triển website phi lợi nhuận,"Lập trình, Phân tích dữ liệu, Giải quyết vấn đề",Huế,cuối tuần,Công nghệ
Hỗ trợ bệnh nhân tại bệnh viện,"Giao tiếp, Chăm sóc, Y tế cơ bản",Lào Cai,linh hoạt,Y tế
Chiến dịch trồng cây xanh,"Tổ chức sự kiện, Quan sát, Làm việc nhóm",Bắc Giang,buổi sáng,Môi trường
Thiết kế poster sự kiện thiện nguyện,"Thiết kế, Làm việc nhóm, Sáng tạo",Bình Dương,buổi sáng,Nghệ thuật
Phát triển website phi lợi nhuận,"Giải quyết vấn đề, Lập trình, Thiết kế web",Đà Nẵng,buổi chiều,Công nghệ
Biểu diễn gây quỹ từ thiện,"Thiết kế, Truyền thông, Làm việc nhóm",Thanh Hóa,online,Nghệ thuật
Gây quỹ ủng hộ trẻ em nghèo,"Truyền thông, Làm việc nhóm, Đồng cảm",Nha Trang,cuối tuần,Xã hội
Gây quỹ ủng hộ trẻ em nghèo,"Tổ chức sự kiện, Đồng cảm, Làm việc nhóm",Lào Cai,buổi chiều,Xã hội
Chia sẻ kinh nghiệm học tập trực tuyến,"Tổ chức lớp học, Kiên nhẫn, Giao tiếp",Vũng Tàu,buổi sáng,Giáo dục
Hỗ trợ người vô gia cư,"Làm việc nhóm, Đồng cảm, Giao tiếp",Đắk Lắk,buổi tối,Xã hội
Dạy lập trình Python cho học sinh,"Giải quyết vấn đề, Lập trình, Thiết kế web",Đà Nẵng,online,Công nghệ
Dạy lập trình Python cho học sinh,"Thiết kế web, Công nghệ thông tin, Giải quyết vấn đề",Đà Nẵng,buổi sáng,Công nghệ
Hỗ trợ bệnh nhân tại bệnh viện,"Làm việc nhóm, Giao tiếp, Tư vấn",Vũng Tàu,buổi tối,Y tế
Tổ chức triển lãm tranh gây quỹ,"Nghệ thuật, Sáng tạo, Làm việc nhóm",Hà Nội,buổi tối,Nghệ thuật
Hỗ trợ kỹ thuật trong hội thảo trực tuyến,"Thiết kế web, Lập trình, Phân tích dữ liệu",Nha Trang,cuối tuần,Công nghệ
Biểu diễn gây quỹ từ thiện,"Nghệ thuật, Thiết kế, Truyền thông",Cần Thơ,cuối tuần,Nghệ thuật
Chăm sóc người già neo đơn,"Làm việc nhóm, Giao tiếp, Tư vấn",Hải Phòng,buổi sáng,Y tế
Tổ chức hackathon sinh viên,"Phân tích dữ liệu, Giải quyết vấn đề, Thiết kế web",Bắc Giang,buổi sáng,Công nghệ
Hỗ trợ trung tâm khuyết tật học nghề,"Giao tiếp, Giảng dạy, Tổ chức lớp học",Thái Bình,linh hoạt,Giáo dục
Dạy lập trình Python cho học sinh,"Công nghệ thông tin, Lập trình, Giải quyết vấn đề",Nghệ An,buổi tối,Công nghệ
Tư vấn chuyển đổi số cho tổ chức xã hội,"Giải quyết vấn đề, Thiết kế web, Phân tích dữ liệu",Long An,buổi tối,Công nghệ
Trình diễn văn nghệ cộng đồng,"Nghệ thuật, Sáng tạo, Thiết kế",Thái Bình,cuối tuần,Nghệ thuật
Chia sẻ kinh nghiệm học tập trực tuyến,"Giao tiếp, Kiên nhẫn, Tổ chức lớp học",Bắc Giang,buổi sáng,Giáo dục
Dạy nhạc cho trẻ em vùng cao,"Sáng tạo, Làm việc nhóm, Truyền thông",Kiên Giang,online,Nghệ thuật
Hỗ trợ ôn thi tốt nghiệp THPT cho học sinh nghèo,"Giao tiếp, Giảng dạy, Kiên nhẫn",Kiên Giang,buổi sáng,Giáo dục
Tư vấn tâm lý cho thanh thiếu niên,"Giao tiếp, Truyền thông, Đồng cảm",Nghệ An,buổi sáng,Xã hội
Cải thiện bảo mật dữ liệu tổ chức phi lợi nhuận,"Phân tích dữ liệu, Thiết kế web, Giải quyết vấn đề",TP. Hồ Chí Minh,buổi tối,Công nghệ
Tư vấn tâm lý cho thanh thiếu niên,"Đồng cảm, Truyền thông, Làm việc nhóm",Bình Dương,online,Xã hội
Thiết kế poster sự kiện thiện nguyện,"Sáng tạo, Nghệ thuật, Làm việc nhóm",Nghệ An,linh hoạt,Nghệ thuật
Tuyên truyền bảo vệ môi trường học đường,"Tổ chức sự kiện, Làm việc nhóm, Quan sát",Long An,buổi chiều,Môi trường
Hỗ trợ bệnh nhân tại bệnh viện,"Y tế cơ bản, Giao tiếp, Làm việc nhóm",Nha Trang,buổi chiều,Y tế
Hỗ trợ trung tâm khuyết tật học nghề,"Giảng dạy, Soạn giáo án, Giao tiếp",Quảng Ninh,buổi sáng,Giáo dục
Hỗ trợ bệnh nhân tại bệnh viện,"Chăm sóc, Tư vấn, Giao tiếp",Nha Trang,linh hoạt,Y tế
Tư vấn chuyển đổi số cho tổ chức xã hội,"Lập trình, Thiết kế web, Công nghệ thông tin",Long An,linh hoạt,Công nghệ
Hướng dẫn phân loại rác tại nguồn,"Tổ chức sự kiện, Làm việc nhóm, Truyền thông",Quảng Ninh,buổi sáng,Môi trường
Chiến dịch trồng cây xanh,"Quan sát, Truyền thông, Thuyết trình",Đà Nẵng,linh hoạt,Môi trường
Hỗ trợ bệnh nhân tại bệnh viện,"Chăm sóc, Y tế cơ bản, Làm việc nhóm",Đà Nẵng,linh hoạt,Y tế
Dạy lập trình Python cho học sinh,"Phân tích dữ liệu, Lập trình, Giải quyết vấn đề",Đắk Lắk,buổi chiều,Công nghệ
Hỗ trợ ôn thi tốt nghiệp THPT cho học sinh nghèo,"Giảng dạy, Soạn giáo án, Giao tiếp",Nam Định,linh hoạt,Giáo dục
Chăm sóc y tế cộng đồng,"Giao tiếp, Chăm sóc, Làm việc nhóm",Bình Dương,buổi sáng,Y tế
Đồng hành cùng học sinh vượt khó,"Truyền thông, Đồng cảm, Giao tiếp",Long An,online,Xã hội
Vẽ tường cổ động môi trường,"Nghệ thuật, Truyền thông, Sáng tạo",Nam Định,buổi chiều,Nghệ thuật
Tư vấn tâm lý cho thanh thiếu niên,"Truyền thông, Giao tiếp, Tổ chức sự kiện",Thái Bình,linh hoạt,Xã hội
Chiến dịch trồng cây xanh,"Truyền thông, Thuyết trình, Tổ chức sự kiện",Nam Định,cuối tuần,Môi trường
Cải thiện bảo mật dữ liệu tổ chức phi lợi nhuận,"Phân tích dữ liệu, Thiết kế web, Lập trình",Phú Thọ,linh hoạt,Công nghệ
Thiết kế poster sự kiện thiện nguyện,"Làm việc nhóm, Truyền thông, Sáng tạo",Nam Định,buổi tối,Nghệ thuật
Tổ chức triển lãm tranh gây quỹ,"Truyền thông, Làm việc nhóm, Nghệ thuật",Bắc Giang,cuối tuần,Nghệ thuật
Phát triển website phi lợi nhuận,"Lập trình, Phân tích dữ liệu, Thiết kế web",Phú Thọ,linh hoạt,Công nghệ
Cải thiện bảo mật dữ liệu tổ chức phi lợi nhuận,"Phân tích dữ liệu, Công nghệ thông tin, Lập trình",Quảng Ninh,buổi chiều,Công nghệ
Phát triển website phi lợi nhuận,"Giải quyết vấn đề, Thiết kế web, Phân tích dữ liệu",Nam Định,online,Công nghệ
Trình diễn văn nghệ cộng đồng,"Làm việc nhóm, Sáng tạo, Nghệ thuật",Lào Cai,online,Nghệ thuật
Dạy học sinh vùng cao,"Soạn giáo án, Giao tiếp, Tổ chức lớp học",Lào Cai,buổi tối,Giáo dục
Chia sẻ kinh nghiệm học tập trực tuyến,"Giảng dạy, Giao tiếp, Soạn giáo án",Long An,online,Giáo dục
Thiết kế poster sự kiện thiện nguyện,"Nghệ thuật, Thiết kế, Sáng tạo",Hải Phòng,online,Nghệ thuật
Dạy nhạc cho trẻ em vùng cao,"Sáng tạo, Truyền thông, Làm việc nhóm",Vũng Tàu,buổi sáng,Nghệ thuật
Dọn rác bãi biển Cửa Lò,"Tổ chức sự kiện, Làm việc nhóm, Thuyết trình",Huế,buổi chiều,Môi trường
Dạy lập trình Python cho học sinh,"Lập trình, Thiết kế web, Phân tích dữ liệu",Nam Định,buổi chiều,Công nghệ
Tư vấn tâm lý cho thanh thiếu niên,"Làm việc nhóm, Đồng cảm, Giao tiếp",Nghệ An,linh hoạt,Xã hội
Gây quỹ ủng hộ trẻ em nghèo,"Giao tiếp, Tổ chức sự kiện, Đồng cảm",Quảng Ninh,linh hoạt,Xã hội
Hiến máu nhân đạo,"Y tế cơ bản, Giao tiếp, Làm việc nhóm",Nghệ An,buổi chiều,Y tế
Tổ chức buổi tư vấn dinh dưỡng,"Y tế cơ bản, Làm việc nhóm, Chăm sóc",Cần Thơ,online,Y tế
Đồng hành cùng học sinh vượt khó,"Tổ chức sự kiện, Truyền thông, Đồng cảm",Đà Nẵng,online,Xã hội
Dọn rác bãi biển Cửa Lò,"Làm việc nhóm, Thuyết trình, Tổ chức sự kiện",Nha Trang,linh hoạt,Môi trường
Hỗ trợ kỹ thuật trong hội thảo trực tuyến,"Phân tích dữ liệu, Giải quyết vấn đề, Lập trình",Hà Nội,online,Công nghệ
Tái chế rác thải nhựa sáng tạo,"Quan sát, Thuyết trình, Truyền thông",Đà Nẵng,buổi tối,Môi trường
Hỗ trợ trung tâm khuyết tật học nghề,"Giảng dạy, Tổ chức lớp học, Kiên nhẫn",Cần Thơ,online,Giáo dục
Biểu diễn gây quỹ từ thiện,"Sáng tạo, Truyền thông, Làm việc nhóm",Phú Thọ,buổi sáng,Nghệ thuật
Đồng hành cùng học sinh vượt khó,"Làm việc nhóm, Đồng cảm, Tổ chức sự kiện",Bắc Giang,linh hoạt,Xã hội
Truyền thông phòng chống dịch bệnh,"Giao tiếp, Làm việc nhóm, Tư vấn",Nghệ An,online,Y tế
Tổ chức hackathon sinh viên,"Công nghệ thông tin, Lập trình, Thiết kế web",Thanh Hóa,buổi chiều,Công nghệ
Dọn rác bãi biển Cửa Lò,"Thuyết trình, Làm việc nhóm, Truyền thông",Phú Thọ,buổi tối,Môi trường
Hỗ trợ tổ chức thiện nguyện địa phương,"Truyền thông, Tổ chức sự kiện, Giao tiếp",Nha Trang,buổi tối,Xã hội
Dạy nhạc cho trẻ em vùng cao,"Truyền thông, Sáng tạo, Nghệ thuật",Lào Cai,buổi tối,Nghệ thuật
Hiến máu nhân đạo,"Y tế cơ bản, Làm việc nhóm, Chăm sóc",Thái Bình,buổi chiều,Y tế
Hỗ trợ bệnh nhân tại bệnh viện,"Chăm sóc, Làm việc nhóm, Tư vấn",Long An,cuối tuần,Y tế
Tái chế rác thải nhựa sáng tạo,"Tổ chức sự kiện, Quan sát, Làm việc nhóm",Phú Thọ,online,Môi trường
Hiến máu nhân đạo,"Y tế cơ bản, Làm việc nhóm, Giao tiếp",Bắc Giang,online,Y tế
Chụp ảnh thiện nguyện,"Làm việc nhóm, Thiết kế, Sáng tạo",Lào Cai,buổi sáng,Nghệ thuật
Thiết kế poster sự kiện thiện nguyện,"Nghệ thuật, Làm việc nhóm, Thiết kế",Cần Thơ,cuối tuần,Nghệ thuật
Dọn rác bãi biển Cửa Lò,"Thuyết trình, Truyền thông, Làm việc nhóm",Đắk Lắk,cuối tuần,Môi trường
Khám sức khỏe miễn phí vùng sâu vùng xa,"Làm việc nhóm, Tư vấn, Giao tiếp",Lào Cai,cuối tuần,Y tế
Hỗ trợ người vô gia cư,"Làm việc nhóm, Đồng cảm, Tổ chức sự kiện",TP. Hồ Chí Minh,online,Xã hội
Hỗ trợ người vô gia cư,"Đồng cảm, Giao tiếp, Làm việc nhóm",Long An,linh hoạt,Xã hội
Biểu diễn gây quỹ từ thiện,"Truyền thông, Thiết kế, Nghệ thuật",Bắc Giang,online,Nghệ thuật
Dạy lập trình Python cho học sinh,"Lập trình, Thiết kế web, Giải quyết vấn đề",Bình Dương,buổi chiều,Công nghệ
Phát triển website phi lợi nhuận,"Giải quyết vấn đề, Phân tích dữ liệu, Lập trình",Bắc Giang,cuối tuần,Công nghệ
Tư vấn tâm lý cho thanh thiếu niên,"Giao tiếp, Làm việc nhóm, Đồng cảm",Thái Bình,buổi sáng,Xã hội
Chiến dịch trồng cây xanh,"Làm việc nhóm, Thuyết trình, Truyền thông",Đà Nẵng,buổi sáng,Môi trường
Tổ chức trung thu cho trẻ em cơ nhỡ,"Đồng cảm, Truyền thông, Làm việc nhóm",Quảng Ninh,buổi chiều,Xã hội
Hỗ trợ bệnh nhân tại bệnh viện,"Tư vấn, Chăm sóc, Giao tiếp",Huế,buổi sáng,Y tế
Thiết kế poster sự kiện thiện nguyện,"Thiết kế, Nghệ thuật, Truyền thông",Hải Phòng,online,Nghệ thuật
Vẽ tường cổ động môi trường,"Nghệ thuật, Thiết kế, Truyền thông",Thái Bình,buổi tối,Nghệ thuật
Tái chế rác thải nhựa sáng tạo,"Truyền thông, Quan sát, Làm việc nhóm",Kiên Giang,cuối tuần,Môi trường
Hỗ trợ tổ chức thiện nguyện địa phương,"Giao tiếp, Tổ chức sự kiện, Truyền thông",Nghệ An,online,Xã hội
Hỗ trợ ôn thi tốt nghiệp THPT cho học sinh nghèo,"Giảng dạy, Kiên nhẫn, Soạn giáo án",Long An,buổi chiều,Giáo dục
Tổ chức trung thu cho trẻ em cơ nhỡ,"Đồng cảm, Giao tiếp, Làm việc nhóm",Bắc Giang,linh hoạt,Xã hội
Hỗ trợ tổ chức thiện nguyện địa phương,"Đồng cảm, Tổ chức sự kiện, Giao tiếp",Thái Bình,online,Xã hội
Trình diễn văn nghệ cộng đồng,"Truyền thông, Thiết kế, Nghệ thuật",Phú Thọ,buổi tối,Nghệ thuật
Vẽ tường cổ động môi trường,"Truyền thông, Sáng tạo, Làm việc nhóm",Nam Định,buổi sáng,Nghệ thuật
Thiết kế poster sự kiện thiện nguyện,"Sáng tạo, Nghệ thuật, Thiết kế",Đắk Lắk,linh hoạt,Nghệ thuật
Khám sức khỏe miễn phí vùng sâu vùng xa,"Tư vấn, Làm việc nhóm, Y tế cơ bản",Huế,linh hoạt,Y tế
Hỗ trợ kỹ thuật trong hội thảo trực tuyến,"Lập trình, Thiết kế web, Phân tích dữ liệu",Long An,linh hoạt,Công nghệ
Hướng dẫn phân loại rác tại nguồn,"Thuyết trình, Truyền thông, Làm việc nhóm",Bắc Giang,buổi sáng,Môi trường
Tổ chức lớp học kỹ năng sống,"Tổ chức lớp học, Giao tiếp, Kiên nhẫn",TP. Hồ Chí Minh,linh hoạt,Giáo dục
Trồng cây phủ xanh đồi trọc,"Quan sát, Truyền thông, Làm việc nhóm",Thanh Hóa,online,Môi trường
Trồng cây phủ xanh đồi trọc,"Thuyết trình, Tổ chức sự kiện, Làm việc nhóm",Bắc Giang,buổi sáng,Môi trường
Chụp ảnh thiện nguyện,"Thiết kế, Sáng tạo, Làm việc nhóm",Quảng Ninh,linh hoạt,Nghệ thuật
Tổ chức Ngày Trái Đất,"Quan sát, Tổ chức sự kiện, Làm việc nhóm",Quảng Ninh,cuối tuần,Môi trường
Gia sư miễn phí cho trẻ em khó khăn,"Tổ chức lớp học, Kiên nhẫn, Giảng dạy",Thanh Hóa,buổi chiều,Giáo dục
Tổ chức Ngày Trái Đất,"Làm việc nhóm, Tổ chức sự kiện, Truyền thông",Lào Cai,linh hoạt,Môi trường
Hỗ trợ tổ chức thiện nguyện địa phương,"Tổ chức sự kiện, Làm việc nhóm, Đồng cảm",Long An,linh hoạt,Xã hội
Dạy học sinh vùng cao,"Kiên nhẫn, Soạn giáo án, Tổ chức lớp học",TP. Hồ Chí Minh,online,Giáo dục
Tổ chức trung thu cho trẻ em cơ nhỡ,"Làm việc nhóm, Tổ chức sự kiện, Đồng cảm",Huế,online,Xã hội
Hỗ trợ kỹ thuật trong hội thảo trực tuyến,"Thiết kế web, Giải quyết vấn đề, Phân tích dữ liệu",Bắc Giang,online,Công nghệ
Tổ chức lớp học kỹ năng sống,"Soạn giáo án, Tổ chức lớp học, Kiên nhẫn",Lào Cai,buổi chiều,Giáo dục
Biểu diễn gây quỹ từ thiện,"Thiết kế, Truyền thông, Sáng tạo",Bình Dương,buổi tối,Nghệ thuật
Gây quỹ ủng hộ trẻ em nghèo,"Tổ chức sự kiện, Đồng cảm, Truyền thông",Bắc Giang,online,Xã hội
Đồng hành cùng học sinh vượt khó,"Đồng cảm, Truyền thông, Giao tiếp",Đà Nẵng,linh hoạt,Xã hội
Vẽ tường cổ động môi trường,"Nghệ thuật, Sáng tạo, Làm việc nhóm",Huế,buổi tối,Nghệ thuật
Chăm sóc người già neo đơn,"Tư vấn, Y tế cơ bản, Chăm sóc",Cần Thơ,buổi sáng,Y tế
Gây quỹ ủng hộ trẻ em nghèo,"Truyền thông, Giao tiếp, Tổ chức sự kiện",Phú Thọ,buổi tối,Xã hội
Chia sẻ kinh nghiệm học tập trực tuyến,"Giao tiếp, Kiên nhẫn, Soạn giáo án",Kiên Giang,online,Giáo dục
Tổ chức trung thu cho trẻ em cơ nhỡ,"Truyền thông, Đồng cảm, Tổ chức sự kiện",Huế,buổi sáng,Xã hội
Hỗ trợ kỹ thuật trong hội thảo trực tuyến,"Công nghệ thông tin, Phân tích dữ liệu, Giải quyết vấn đề",Bắc Giang,online,Công nghệ
Trồng cây phủ xanh đồi trọc,"Làm việc nhóm, Truyền thông, Tổ chức sự kiện",Cần Thơ,cuối tuần,Môi trường
Phát triển website phi lợi nhuận,"Thiết kế web, Công nghệ thông tin, Giải quyết vấn đề",Thanh Hóa,buổi chiều,Công nghệ
Hỗ trợ trung tâm khuyết tật học nghề,"Giao tiếp, Tổ chức lớp học, Giảng dạy",Thanh Hóa,buổi sáng,Giáo dục
Gia sư miễn phí cho trẻ em khó khăn,"Soạn giáo án, Giảng dạy, Kiên nhẫn",Kiên Giang,buổi sáng,Giáo dục
Hỗ trợ bệnh nhân tại bệnh viện,"Làm việc nhóm, Tư vấn, Giao tiếp",Nha Trang,linh hoạt,Y tế
Gây quỹ ủng hộ trẻ em nghèo,"Tổ chức sự kiện, Truyền thông, Giao tiếp",Nam Định,linh hoạt,Xã hội
Hỗ trợ tổ chức thiện nguyện địa phương,"Tổ chức sự kiện, Đồng cảm, Làm việc nhóm",Thái Bình,buổi tối,Xã hội
Hỗ trợ kỹ thuật trong hội thảo trực tuyến,"Thiết kế web, Lập trình, Công nghệ thông tin",Lào Cai,buổi chiều,Công nghệ
Dạy học sinh vùng cao,"Giảng dạy, Giao tiếp, Tổ chức lớp học",Đà Nẵng,buổi tối,Giáo dục
Chia sẻ kinh nghiệm học tập trực tuyến,"Giao tiếp, Tổ chức lớp học, Kiên nhẫn",Thanh Hóa,linh hoạt,Giáo dục
Hiến máu nhân đạo,"Tư vấn, Y tế cơ bản, Giao tiếp",Hải Phòng,linh hoạt,Y tế
Hỗ trợ người vô gia cư,"Giao tiếp, Tổ chức sự kiện, Đồng cảm",Hà Nội,buổi chiều,Xã hội
Chăm sóc người già neo đơn,"Tư vấn, Làm việc nhóm, Y tế cơ bản",Nha Trang,linh hoạt,Y tế
Chăm sóc người già neo đơn,"Y tế cơ bản, Chăm sóc, Làm việc nhóm",Huế,cuối tuần,Y tế
Gia sư miễn phí cho trẻ em khó khăn,"Tổ chức lớp học, Giao tiếp, Kiên nhẫn",Kiên Giang,buổi chiều,Giáo dục
Hiến máu nhân đạo,"Chăm sóc, Tư vấn, Giao tiếp",Hà Nội,buổi sáng,Y tế
Tuyên truyền bảo vệ môi trường học đường,"Truyền thông, Thuyết trình, Tổ chức sự kiện",Thanh Hóa,buổi sáng,Môi trường
Truyền thông phòng chống dịch bệnh,"Giao tiếp, Làm việc nhóm, Y tế cơ bản",Thanh Hóa,cuối tuần,Y tế
Thiết kế hệ thống quản lý tình nguyện viên,"Thiết kế web, Phân tích dữ liệu, Giải quyết vấn đề",Hải Phòng,buổi chiều,Công nghệ
Tổ chức triển lãm tranh gây quỹ,"Thiết kế, Truyền thông, Nghệ thuật",Lào Cai,cuối tuần,Nghệ thuật
Trồng cây phủ xanh đồi trọc,"Làm việc nhóm, Thuyết trình, Quan sát",Lào Cai,linh hoạt,Môi trường
Chiến dịch trồng cây xanh,"Làm việc nhóm, Quan sát, Thuyết trình",Nha Trang,buổi chiều,Môi trường
Hỗ trợ người vô gia cư,"Đồng cảm, Tổ chức sự kiện, Truyền thông",Bình Dương,buổi sáng,Xã hội
Hướng dẫn phân loại rác tại nguồn,"Làm việc nhóm, Thuyết trình, Tổ chức sự kiện",Huế,online,Môi trường
Chia sẻ kinh nghiệm học tập trực tuyến,"Giao tiếp, Tổ chức lớp học, Kiên nhẫn",Bình Dương,online,Giáo dục
Trồng cây phủ xanh đồi trọc,"Truyền thông, Làm việc nhóm, Tổ chức sự kiện",Quảng Ninh,online,Môi trường
Dạy nhạc cho trẻ em vùng cao,"Làm việc nhóm, Truyền thông, Thiết kế",Đắk Lắk,online,Nghệ thuật
Phát triển website phi lợi nhuận,"Công nghệ thông tin, Giải quyết vấn đề, Lập trình",Nghệ An,buổi sáng,Công nghệ
Hỗ trợ người vô gia cư,"Tổ chức sự kiện, Làm việc nhóm, Đồng cảm",Hà Nội,buổi tối,Xã hội
Gia sư miễn phí cho trẻ em khó khăn,"Kiên nhẫn, Soạn giáo án, Giảng dạy",Nam Định,linh hoạt,Giáo dục
Truyền thông phòng chống dịch bệnh,"Giao tiếp, Chăm sóc, Y tế cơ bản",Thanh Hóa,buổi chiều,Y tế
Hỗ trợ trung tâm khuyết tật học nghề,"Tổ chức lớp học, Kiên nhẫn, Soạn giáo án",Kiên Giang,buổi sáng,Giáo dục
Tư vấn tâm lý cho thanh thiếu niên,"Làm việc nhóm, Truyền thông, Giao tiếp",Nha Trang,cuối tuần,Xã hội
Tổ chức hoạt động đọc sách cho trẻ em,"Giao tiếp, Kiên nhẫn, Soạn giáo án",Lào Cai,buổi tối,Giáo dục
Dạy nhạc cho trẻ em vùng cao,"Sáng tạo, Nghệ thuật, Truyền thông",Đắk Lắk,buổi chiều,Nghệ thuật
Tổ chức hoạt động đọc sách cho trẻ em,"Kiên nhẫn, Giảng dạy, Giao tiếp",Hải Phòng,buổi chiều,Giáo dục
Dọn rác bãi biển Cửa Lò,"Quan sát, Truyền thông, Thuyết trình",Hà Nội,online,Môi trường
Dọn rác bãi biển Cửa Lò,"Truyền thông, Thuyết trình, Tổ chức sự kiện",Quảng Ninh,cuối tuần,Môi trường
Tổ chức lớp học kỹ năng sống,"Soạn giáo án, Giảng dạy, Kiên nhẫn",Đắk Lắk,buổi chiều,Giáo dục
Hiến máu nhân đạo,"Chăm sóc, Y tế cơ bản, Giao tiếp",Đắk Lắk,buổi tối,Y tế
Truyền thông phòng chống dịch bệnh,"Làm việc nhóm, Chăm sóc, Y tế cơ bản",Huế,online,Y tế
Hỗ trợ ôn thi tốt nghiệp THPT cho học sinh nghèo,"Kiên nhẫn, Soạn giáo án, Giao tiếp",Nha Trang,cuối tuần,Giáo dục
Chăm sóc y tế cộng đồng,"Làm việc nhóm, Chăm sóc, Y tế cơ bản",Thái Bình,buổi sáng,Y tế
Dạy học sinh vùng cao,"Giảng dạy, Soạn giáo án, Kiên nhẫn",Nam Định,cuối tuần,Giáo dục
Hỗ trợ kỹ thuật trong hội thảo trực tuyến,"Giải quyết vấn đề, Lập trình, Thiết kế web",Thái Bình,cuối tuần,Công nghệ
Hỗ trợ kỹ thuật trong hội thảo trực tuyến,"Phân tích dữ liệu, Công nghệ thông tin, Thiết kế web",Đà Nẵng,buổi chiều,Công nghệ
Truyền thông phòng chống dịch bệnh,"Làm việc nhóm, Giao tiếp, Chăm sóc",Vũng Tàu,buổi sáng,Y tế
Trình diễn văn nghệ cộng đồng,"Truyền thông, Sáng tạo, Nghệ thuật",Lào Cai,online,Nghệ thuật
Tuyên truyền bảo vệ môi trường học đường,"Tổ chức sự kiện, Truyền thông, Quan sát",Quảng Ninh,buổi sáng,Môi trường
Hỗ trợ kỹ thuật trong hội thảo trực tuyến,"Thiết kế web, Công nghệ thông tin, Giải quyết vấn đề",Thanh Hóa,linh hoạt,Công nghệ
Dạy nhạc cho trẻ em vùng cao,"Sáng tạo, Nghệ thuật, Truyền thông",Kiên Giang,buổi chiều,Nghệ thuật
Chụp ảnh thiện nguyện,"Thiết kế, Làm việc nhóm, Nghệ thuật",Cần Thơ,online,Nghệ thuật
Tổ chức trung thu cho trẻ em cơ nhỡ,"Làm việc nhóm, Giao tiếp, Tổ chức sự kiện",Phú Thọ,cuối tuần,Xã hội
Dạy lập trình Python cho học sinh,"Giải quyết vấn đề, Thiết kế web, Phân tích dữ liệu",Bình Dương,buổi sáng,Công nghệ
Tổ chức triển lãm tranh gây quỹ,"Truyền thông, Làm việc nhóm, Sáng tạo",Huế,buổi sáng,Nghệ thuật
Gây quỹ ủng hộ trẻ em nghèo,"Làm việc nhóm, Truyền thông, Giao tiếp",Lào Cai,buổi sáng,Xã hội
Đồng hành cùng học sinh vượt khó,"Truyền thông, Giao tiếp, Tổ chức sự kiện",Long An,linh hoạt,Xã hội
Tổ chức triển lãm tranh gây quỹ,"Nghệ thuật, Truyền thông, Làm việc nhóm",Kiên Giang,online,Nghệ thuật
Tổ chức lớp học kỹ năng sống,"Soạn giáo án, Tổ chức lớp học, Giao tiếp",Đà Nẵng,buổi sáng,Giáo dục
Tư vấn tâm lý cho thanh thiếu niên,"Giao tiếp, Truyền thông, Tổ chức sự kiện",Thanh Hóa,online,Xã hội
Hỗ trợ tổ chức thiện nguyện địa phương,"Tổ chức sự kiện, Truyền thông, Đồng cảm",Kiên Giang,online,Xã hội
Tổ chức lớp học kỹ năng sống,"Kiên nhẫn, Tổ chức lớp học, Giảng dạy",Bình Dương,buổi tối,Giáo dục
Chiến dịch trồng cây xanh,"Truyền thông, Thuyết trình, Tổ chức sự kiện",Nghệ An,buổi chiều,Môi trường
Tổ chức triển lãm tranh gây quỹ,"Truyền thông, Làm việc nhóm, Thiết kế",Hải Phòng,linh hoạt,Nghệ thuật
Chăm sóc người già neo đơn,"Chăm sóc, Tư vấn, Y tế cơ bản",Hà Nội,online,Y tế
Chia sẻ kinh nghiệm học tập trực tuyến,"Giao tiếp, Tổ chức lớp học, Giảng dạy",Quảng Ninh,linh hoạt,Giáo dục
Hướng dẫn phân loại rác tại nguồn,"Truyền thông, Thuyết trình, Quan sát",Nam Định,buổi tối,Môi trường
Tuyên truyền bảo vệ môi trường học đường,"Thuyết trình, Truyền thông, Tổ chức sự kiện",Thái Bình,online,Môi trường
Biểu diễn gây quỹ từ thiện,"Thiết kế, Sáng tạo, Nghệ thuật",Nghệ An,cuối tuần,Nghệ thuật
Dạy học sinh vùng cao,"Giảng dạy, Tổ chức lớp học, Soạn giáo án",Thanh Hóa,buổi tối,Giáo dục
Hỗ trợ trung tâm khuyết tật học nghề,"Kiên nhẫn, Soạn giáo án, Tổ chức lớp học",Long An,online,Giáo dục
Trình diễn văn nghệ cộng đồng,"Sáng tạo, Nghệ thuật, Làm việc nhóm",Kiên Giang,linh hoạt,Nghệ thuật
Phát triển website phi lợi nhuận,"Công nghệ thông tin, Lập trình, Giải quyết vấn đề",Kiên Giang,cuối tuần,Công nghệ
Thiết kế hệ thống quản lý tình nguyện viên,"Lập trình, Công nghệ thông tin, Phân tích dữ liệu",Nha Trang,online,Công nghệ
Hiến máu nhân đạo,"Y tế cơ bản, Làm việc nhóm, Tư vấn",Bình Dương,buổi sáng,Y tế
Tư vấn chuyển đổi số cho tổ chức xã hội,"Giải quyết vấn đề, Phân tích dữ liệu, Công nghệ thông tin",Thái Bình,cuối tuần,Công nghệ
Tư vấn chuyển đổi số cho tổ chức xã hội,"Công nghệ thông tin, Giải quyết vấn đề, Phân tích dữ liệu",Cần Thơ,buổi tối,Công nghệ
Chiến dịch trồng cây xanh,"Quan sát, Thuyết trình, Tổ chức sự kiện",TP. Hồ Chí Minh,buổi tối,Môi trường
Dạy nhạc cho trẻ em vùng cao,"Nghệ thuật, Thiết kế, Sáng tạo",Bình Dương,buổi chiều,Nghệ thuật
Tư vấn tâm lý cho thanh thiếu niên,"Làm việc nhóm, Tổ chức sự kiện, Truyền thông",Phú Thọ,online,Xã hội
Vẽ tường cổ động môi trường,"Nghệ thuật, Làm việc nhóm, Sáng tạo",Quảng Ninh,buổi sáng,Nghệ thuật
Chia sẻ kinh nghiệm học tập trực tuyến,"Giao tiếp, Kiên nhẫn, Soạn giáo án",Lào Cai,online,Giáo dục
Tổ chức lớp học kỹ năng sống,"Tổ chức lớp học, Soạn giáo án, Giao tiếp",Nha Trang,online,Giáo dục
Cải thiện bảo mật dữ liệu tổ chức phi lợi nhuận,"Công nghệ thông tin, Thiết kế web, Phân tích dữ liệu",Phú Thọ,online,Công nghệ
Cải thiện bảo mật dữ liệu tổ chức phi lợi nhuận,"Công nghệ thông tin, Phân tích dữ liệu, Lập trình",TP. Hồ Chí Minh,buổi chiều,Công nghệ
Biểu diễn gây quỹ từ thiện,"Thiết kế, Sáng tạo, Làm việc nhóm",Lào Cai,buổi sáng,Nghệ thuật
Tổ chức hackathon sinh viên,"Lập trình, Phân tích dữ liệu, Giải quyết vấn đề",Huế,online,Công nghệ
Hỗ trợ ôn thi tốt nghiệp THPT cho học sinh nghèo,"Tổ chức lớp học, Giảng dạy, Giao tiếp",Hà Nội,buổi sáng,Giáo dục
Chăm sóc y tế cộng đồng,"Giao tiếp, Tư vấn, Làm việc nhóm",Kiên Giang,online,Y tế
Trình diễn văn nghệ cộng đồng,"Nghệ thuật, Thiết kế, Truyền thông",Vũng Tàu,buổi sáng,Nghệ thuật
Hỗ trợ bệnh nhân tại bệnh viện,"Chăm sóc, Làm việc nhóm, Y tế cơ bản",Long An,buổi tối,Y tế
Chăm sóc người già neo đơn,"Làm việc nhóm, Giao tiếp, Tư vấn",Phú Thọ,buổi tối,Y tế
Gia sư miễn phí cho trẻ em khó khăn,"Tổ chức lớp học, Giao tiếp, Giảng dạy",TP. Hồ Chí Minh,buổi tối,Giáo dục
Tuyên truyền bảo vệ môi trường học đường,"Quan sát, Làm việc nhóm, Thuyết trình",Huế,buổi tối,Môi trường
Hỗ trợ tổ chức thiện nguyện địa phương,"Truyền thông, Làm việc nhóm, Giao tiếp",Vũng Tàu,online,Xã hội
Dọn rác bãi biển Cửa Lò,"Quan sát, Tổ chức sự kiện, Thuyết trình",Huế,buổi chiều,Môi trường
Thiết kế hệ thống quản lý tình nguyện viên,"Thiết kế web, Lập trình, Công nghệ thông tin",Bình Dương,buổi chiều,Công nghệ
Tổ chức trung thu cho trẻ em cơ nhỡ,"Làm việc nhóm, Truyền thông, Giao tiếp",Nghệ An,cuối tuần,Xã hội
Gây quỹ ủng hộ trẻ em nghèo,"Giao tiếp, Tổ chức sự kiện, Làm việc nhóm",Nghệ An,buổi tối,Xã hội
Dạy học sinh vùng cao,"Kiên nhẫn, Giao tiếp, Soạn giáo án",Nha Trang,buổi sáng,Giáo dục
Hỗ trợ người vô gia cư,"Giao tiếp, Tổ chức sự kiện, Làm việc nhóm",Huế,linh hoạt,Xã hội
Tổ chức lớp học kỹ năng sống,"Soạn giáo án, Tổ chức lớp học, Giảng dạy",Nam Định,buổi chiều,Giáo dục
Hỗ trợ bệnh nhân tại bệnh viện,"Chăm sóc, Y tế cơ bản, Tư vấn",Nha Trang,buổi tối,Y tế
Hỗ trợ ôn thi tốt nghiệp THPT cho học sinh nghèo,"Kiên nhẫn, Soạn giáo án, Giảng dạy",Đắk Lắk,linh hoạt,Giáo dục
Hỗ trợ ôn thi tốt nghiệp THPT cho học sinh nghèo,"Giao tiếp, Tổ chức lớp học, Kiên nhẫn",Lào Cai,buổi sáng,Giáo dục
Dọn rác bãi biển Cửa Lò,"Quan sát, Tổ chức sự kiện, Thuyết trình",Lào Cai,online,Môi trường
Hiến máu nhân đạo,"Chăm sóc, Giao tiếp, Y tế cơ bản",Nghệ An,online,Y tế
Chăm sóc y tế cộng đồng,"Chăm sóc, Tư vấn, Y tế cơ bản",TP. Hồ Chí Minh,buổi sáng,Y tế
Chăm sóc người già neo đơn,"Y tế cơ bản, Làm việc nhóm, Tư vấn",Bình Dương,buổi tối,Y tế
Tổ chức hoạt động đọc sách cho trẻ em,"Giao tiếp, Tổ chức lớp học, Giảng dạy",Kiên Giang,buổi tối,Giáo dục
Dọn rác bãi biển Cửa Lò,"Thuyết trình, Tổ chức sự kiện, Làm việc nhóm",Thanh Hóa,buổi sáng,Môi trường
Dạy học sinh vùng cao,"Tổ chức lớp học, Kiên nhẫn, Soạn giáo án",Bắc Giang,cuối tuần,Giáo dục
Phát triển website phi lợi nhuận,"Lập trình, Giải quyết vấn đề, Thiết kế web",Thanh Hóa,buổi chiều,Công nghệ
Vẽ tường cổ động môi trường,"Làm việc nhóm, Nghệ thuật, Truyền thông",Lào Cai,online,Nghệ thuật
Phát triển website phi lợi nhuận,"Công nghệ thông tin, Giải quyết vấn đề, Lập trình",Nghệ An,online,Công nghệ
Tái chế rác thải nhựa sáng tạo,"Truyền thông, Tổ chức sự kiện, Thuyết trình",Thanh Hóa,buổi chiều,Môi trường
Gia sư miễn phí cho trẻ em khó khăn,"Giảng dạy, Tổ chức lớp học, Soạn giáo án",Bình Dương,online,Giáo dục
Khám sức khỏe miễn phí vùng sâu vùng xa,"Y tế cơ bản, Làm việc nhóm, Giao tiếp",Long An,online,Y tế
Hướng dẫn phân loại rác tại nguồn,"Truyền thông, Tổ chức sự kiện, Làm việc nhóm",Lào Cai,linh hoạt,Môi trường
Hiến máu nhân đạo,"Làm việc nhóm, Giao tiếp, Y tế cơ bản",Kiên Giang,buổi tối,Y tế
Tổ chức Ngày Trái Đất,"Làm việc nhóm, Truyền thông, Tổ chức sự kiện",Cần Thơ,cuối tuần,Môi trường
Tái chế rác thải nhựa sáng tạo,"Truyền thông, Làm việc nhóm, Thuyết trình",Hải Phòng,cuối tuần,Môi trường
Tổ chức Ngày Trái Đất,"Quan sát, Tổ chức sự kiện, Làm việc nhóm",Hải Phòng,linh hoạt,Môi trường
Truyền thông phòng chống dịch bệnh,"Y tế cơ bản, Chăm sóc, Làm việc nhóm",Thái Bình,buổi tối,Y tế
Gia sư miễn phí cho trẻ em khó khăn,"Giao tiếp, Giảng dạy, Tổ chức lớp học",Cần Thơ,buổi chiều,Giáo dục
Tổ chức trung thu cho trẻ em cơ nhỡ,"Làm việc nhóm, Đồng cảm, Tổ chức sự kiện",Quảng Ninh,buổi tối,Xã hội
Trình diễn văn nghệ cộng đồng,"Sáng tạo, Nghệ thuật, Truyền thông",Cần Thơ,buổi tối,Nghệ thuật
Tư vấn chuyển đổi số cho tổ chức xã hội,"Phân tích dữ liệu, Công nghệ thông tin, Lập trình",Nam Định,online,Công nghệ
Thiết kế poster sự kiện thiện nguyện,"Thiết kế, Làm việc nhóm, Sáng tạo",Long An,linh hoạt,Nghệ thuật
Hướng dẫn phân loại rác tại nguồn,"Quan sát, Truyền thông, Làm việc nhóm",Bình Dương,linh hoạt,Môi trường
Chăm sóc người già neo đơn,"Làm việc nhóm, Tư vấn, Giao tiếp",Bắc Giang,buổi tối,Y tế
Hướng dẫn phân loại rác tại nguồn,"Làm việc nhóm, Truyền thông, Quan sát",Kiên Giang,online,Môi trường
Trình diễn văn nghệ cộng đồng,"Truyền thông, Sáng tạo, Thiết kế",Quảng Ninh,buổi sáng,Nghệ thuật
Thiết kế poster sự kiện thiện nguyện,"Làm việc nhóm, Nghệ thuật, Truyền thông",Nam Định,buổi chiều,Nghệ thuật
Hiến máu nhân đạo,"Chăm sóc, Giao tiếp, Tư vấn",Hà Nội,online,Y tế
Phát triển website phi lợi nhuận,"Lập trình, Thiết kế web, Phân tích dữ liệu",Phú Thọ,cuối tuần,Công nghệ
Tư vấn chuyển đổi số cho tổ chức xã hội,"Giải quyết vấn đề, Thiết kế web, Lập trình",Long An,cuối tuần,Công nghệ
Chia sẻ kinh nghiệm học tập trực tuyến,"Tổ chức lớp học, Giao tiếp, Kiên nhẫn",Hà Nội,cuối tuần,Giáo dục
Tư vấn tâm lý cho thanh thiếu niên,"Làm việc nhóm, Đồng cảm, Tổ chức sự kiện",Cần Thơ,linh hoạt,Xã hội
Hỗ trợ kỹ thuật trong hội thảo trực tuyến,"Phân tích dữ liệu, Công nghệ thông tin, Giải quyết vấn đề",Thái Bình,buổi chiều,Công nghệ
Tuyên truyền bảo vệ môi trường học đường,"Truyền thông, Làm việc nhóm, Quan sát",TP. Hồ Chí Minh,buổi sáng,Môi trường
Hỗ trợ người vô gia cư,"Làm việc nhóm, Truyền thông, Tổ chức sự kiện",Đà Nẵng,linh hoạt,Xã hội
Chụp ảnh thiện nguyện,"Sáng tạo, Nghệ thuật, Truyền thông",Lào Cai,buổi tối,Nghệ thuật
Tổ chức hackathon sinh viên,"Phân tích dữ liệu, Thiết kế web, Giải quyết vấn đề",Vũng Tàu,online,Công nghệ
Biểu diễn gây quỹ từ thiện,"Làm việc nhóm, Truyền thông, Nghệ thuật",Phú Thọ,cuối tuần,Nghệ thuật
Hỗ trợ trung tâm khuyết tật học nghề,"Soạn giáo án, Giảng dạy, Giao tiếp",Kiên Giang,online,Giáo dục
Tư vấn chuyển đổi số cho tổ chức xã hội,"Giải quyết vấn đề, Lập trình, Phân tích dữ liệu",Cần Thơ,buổi tối,Công nghệ
Chiến dịch trồng cây xanh,"Truyền thông, Thuyết trình, Quan sát",Vũng Tàu,buổi sáng,Môi trường
Khám sức khỏe miễn phí vùng sâu vùng xa,"Chăm sóc, Giao tiếp, Làm việc nhóm",Quảng Ninh,linh hoạt,Y tế
Tuyên truyền bảo vệ môi trường học đường,"Tổ chức sự kiện, Làm việc nhóm, Truyền thông",Đà Nẵng,linh hoạt,Môi trường
Hướng dẫn phân loại rác tại nguồn,"Làm việc nhóm, Quan sát, Thuyết trình",Hà Nội,linh hoạt,Môi trường
Chiến dịch trồng cây xanh,"Truyền thông, Làm việc nhóm, Quan sát",Thanh Hóa,buổi chiều,Môi trường
Thiết kế hệ thống quản lý tình nguyện viên,"Lập trình, Giải quyết vấn đề, Công nghệ thông tin",Hải Phòng,cuối tuần,Công nghệ
Tổ chức buổi tư vấn dinh dưỡng,"Giao tiếp, Tư vấn, Y tế cơ bản",Cần Thơ,online,Y tế
Hiến máu nhân đạo,"Giao tiếp, Tư vấn, Chăm sóc",Phú Thọ,linh hoạt,Y tế
Dọn rác bãi biển Cửa Lò,"Làm việc nhóm, Tổ chức sự kiện, Truyền thông",Kiên Giang,buổi chiều,Môi trường
Hỗ trợ ôn thi tốt nghiệp THPT cho học sinh nghèo,"Kiên nhẫn, Giảng dạy, Giao tiếp",Đắk Lắk,buổi chiều,Giáo dục
Tư vấn tâm lý cho thanh thiếu niên,"Giao tiếp, Làm việc nhóm, Đồng cảm",Đắk Lắk,buổi chiều,Xã hội
Hướng dẫn phân loại rác tại nguồn,"Quan sát, Truyền thông, Tổ chức sự kiện",Thanh Hóa,linh hoạt,Môi trường
Truyền thông phòng chống dịch bệnh,"Chăm sóc, Y tế cơ bản, Làm việc nhóm",Nghệ An,linh hoạt,Y tế
Tổ chức Ngày Trái Đất,"Quan sát, Tổ chức sự kiện, Làm việc nhóm",Quảng Ninh,online,Môi trường
Biểu diễn gây quỹ từ thiện,"Sáng tạo, Thiết kế, Làm việc nhóm",Huế,online,Nghệ thuật
Truyền thông phòng chống dịch bệnh,"Chăm sóc, Tư vấn, Y tế cơ bản",Hải Phòng,linh hoạt,Y tế
Phát triển website phi lợi nhuận,"Giải quyết vấn đề, Lập trình, Công nghệ thông tin",Cần Thơ,buổi chiều,Công nghệ
Thiết kế poster sự kiện thiện nguyện,"Làm việc nhóm, Thiết kế, Truyền thông",Nghệ An,buổi chiều,Nghệ thuật
Hỗ trợ người vô gia cư,"Làm việc nhóm, Đồng cảm, Truyền thông",Bình Dương,cuối tuần,Xã hội
Tuyên truyền bảo vệ môi trường học đường,"Thuyết trình, Làm việc nhóm, Tổ chức sự kiện",Đắk Lắk,online,Môi trường
Tái chế rác thải nhựa sáng tạo,"Thuyết trình, Tổ chức sự kiện, Quan sát",Bình Dương,linh hoạt,Môi trường
Khám sức khỏe miễn phí vùng sâu vùng xa,"Tư vấn, Chăm sóc, Làm việc nhóm",Cần Thơ,buổi sáng,Y tế
Hỗ trợ bệnh nhân tại bệnh viện,"Giao tiếp, Làm việc nhóm, Y tế cơ bản",Đắk Lắk,cuối tuần,Y tế
Gia sư miễn phí cho trẻ em khó khăn,"Soạn giáo án, Tổ chức lớp học, Giảng dạy",Bình Dương,cuối tuần,Giáo dục
Dọn rác bãi biển Cửa Lò,"Quan sát, Thuyết trình, Truyền thông",Quảng Ninh,online,Môi trường
Cải thiện bảo mật dữ liệu tổ chức phi lợi nhuận,"Thiết kế web, Lập trình, Công nghệ thông tin",Vũng Tàu,buổi sáng,Công nghệ
Hỗ trợ người vô gia cư,"Giao tiếp, Đồng cảm, Truyền thông",TP. Hồ Chí Minh,buổi sáng,Xã hội
Hỗ trợ tổ chức thiện nguyện địa phương,"Làm việc nhóm, Giao tiếp, Truyền thông",Bình Dương,cuối tuần,Xã hội
Gia sư miễn phí cho trẻ em khó khăn,"Giảng dạy, Tổ chức lớp học, Giao tiếp",Quảng Ninh,buổi chiều,Giáo dục
Tái chế rác thải nhựa sáng tạo,"Quan sát, Làm việc nhóm, Truyền thông",Nam Định,linh hoạt,Môi trường
Đồng hành cùng học sinh vượt khó,"Tổ chức sự kiện, Giao tiếp, Truyền thông",Thái Bình,cuối tuần,Xã hội
Hỗ trợ bệnh nhân tại bệnh viện,"Y tế cơ bản, Giao tiếp, Làm việc nhóm",Cần Thơ,buổi sáng,Y tế
Chia sẻ kinh nghiệm học tập trực tuyến,"Soạn giáo án, Giảng dạy, Giao tiếp",Cần Thơ,linh hoạt,Giáo dục
Tổ chức hackathon sinh viên,"Lập trình, Công nghệ thông tin, Thiết kế web",Phú Thọ,buổi chiều,Công nghệ
Biểu diễn gây quỹ từ thiện,"Sáng tạo, Làm việc nhóm, Truyền thông",Long An,online,Nghệ thuật
Dọn rác bãi biển Cửa Lò,"Tổ chức sự kiện, Quan sát, Làm việc nhóm",Vũng Tàu,linh hoạt,Môi trường
Trình diễn văn nghệ cộng đồng,"Nghệ thuật, Làm việc nhóm, Truyền thông",Bình Dương,buổi sáng,Nghệ thuật
Tuyên truyền bảo vệ môi trường học đường,"Làm việc nhóm, Thuyết trình, Tổ chức sự kiện",TP. Hồ Chí Minh,buổi sáng,Môi trường
Tổ chức Ngày Trái Đất,"Truyền thông, Thuyết trình, Làm việc nhóm",Bình Dương,buổi chiều,Môi trường
Gia sư miễn phí cho trẻ em khó khăn,"Tổ chức lớp học, Giao tiếp, Giảng dạy",Cần Thơ,buổi chiều,Giáo dục
Hỗ trợ kỹ thuật trong hội thảo trực tuyến,"Phân tích dữ liệu, Lập trình, Giải quyết vấn đề",Vũng Tàu,buổi sáng,Công nghệ
Khám sức khỏe miễn phí vùng sâu vùng xa,"Chăm sóc, Giao tiếp, Làm việc nhóm",Thanh Hóa,linh hoạt,Y tế
Hướng dẫn phân loại rác tại nguồn,"Truyền thông, Thuyết trình, Làm việc nhóm",Bắc Giang,online,Môi trường
Gây quỹ ủng hộ trẻ em nghèo,"Giao tiếp, Tổ chức sự kiện, Làm việc nhóm",Nam Định,linh hoạt,Xã hội
Tổ chức hackathon sinh viên,"Giải quyết vấn đề, Công nghệ thông tin, Thiết kế web",Đắk Lắk,online,Công nghệ
Truyền thông phòng chống dịch bệnh,"Giao tiếp, Y tế cơ bản, Chăm sóc",Nam Định,cuối tuần,Y tế
Cải thiện bảo mật dữ liệu tổ chức phi lợi nhuận,"Công nghệ thông tin, Giải quyết vấn đề, Phân tích dữ liệu",Vũng Tàu,buổi tối,Công nghệ
Tổ chức hoạt động đọc sách cho trẻ em,"Giảng dạy, Kiên nhẫn, Giao tiếp",Nam Định,online,Giáo dục
Tuyên truyền bảo vệ môi trường học đường,"Quan sát, Tổ chức sự kiện, Làm việc nhóm",Kiên Giang,cuối tuần,Môi trường
Tổ chức hackathon sinh viên,"Giải quyết vấn đề, Lập trình, Phân tích dữ liệu",Vũng Tàu,buổi chiều,Công nghệ
Chăm sóc người già neo đơn,"Tư vấn, Y tế cơ bản, Chăm sóc",Long An,cuối tuần,Y tế
Tái chế rác thải nhựa sáng tạo,"Truyền thông, Quan sát, Làm việc nhóm",Huế,buổi chiều,Môi trường
Hỗ trợ ôn thi tốt nghiệp THPT cho học sinh nghèo,"Kiên nhẫn, Tổ chức lớp học, Giảng dạy",Bình Dương,buổi sáng,Giáo dục
Chăm sóc y tế cộng đồng,"Y tế cơ bản, Chăm sóc, Tư vấn",Nha Trang,buổi sáng,Y tế
Tổ chức triển lãm tranh gây quỹ,"Làm việc nhóm, Nghệ thuật, Sáng tạo",Bình Dương,buổi sáng,Nghệ thuật
Thiết kế poster sự kiện thiện nguyện,"Làm việc nhóm, Sáng tạo, Nghệ thuật",Bắc Giang,buổi tối,Nghệ thuật
Gây quỹ ủng hộ trẻ em nghèo,"Truyền thông, Giao tiếp, Làm việc nhóm",Nha Trang,cuối tuần,Xã hội
Hỗ trợ kỹ thuật trong hội thảo trực tuyến,"Phân tích dữ liệu, Thiết kế web, Công nghệ thông tin",TP. Hồ Chí Minh,buổi sáng,Công nghệ
Tổ chức hackathon sinh viên,"Thiết kế web, Giải quyết vấn đề, Phân tích dữ liệu",Nha Trang,cuối tuần,Công nghệ
Cải thiện bảo mật dữ liệu tổ chức phi lợi nhuận,"Phân tích dữ liệu, Giải quyết vấn đề, Công nghệ thông tin",Cần Thơ,cuối tuần,Công nghệ
Cải thiện bảo mật dữ liệu tổ chức phi lợi nhuận,"Lập trình, Phân tích dữ liệu, Giải quyết vấn đề",Bắc Giang,buổi chiều,Công nghệ
Hỗ trợ tổ chức thiện nguyện địa phương,"Truyền thông, Làm việc nhóm, Giao tiếp",Long An,cuối tuần,Xã hội
Truyền thông phòng chống dịch bệnh,"Chăm sóc, Làm việc nhóm, Tư vấn",Bình Dương,online,Y tế
Cải thiện bảo mật dữ liệu tổ chức phi lợi nhuận,"Phân tích dữ liệu, Giải quyết vấn đề, Lập trình",Nghệ An,online,Công nghệ
Tái chế rác thải nhựa sáng tạo,"Làm việc nhóm, Truyền thông, Thuyết trình",Huế,linh hoạt,Môi trường
Tư vấn tâm lý cho thanh thiếu niên,"Truyền thông, Giao tiếp, Làm việc nhóm",Bình Dương,cuối tuần,Xã hội
Hiến máu nhân đạo,"Tư vấn, Làm việc nhóm, Giao tiếp",TP. Hồ Chí Minh,cuối tuần,Y tế
Tuyên truyền bảo vệ môi trường học đường,"Thuyết trình, Truyền thông, Tổ chức sự kiện",Huế,linh hoạt,Môi trường
Trình diễn văn nghệ cộng đồng,"Sáng tạo, Thiết kế, Truyền thông",Phú Thọ,cuối tuần,Nghệ thuật
Tổ chức Ngày Trái Đất,"Làm việc nhóm, Thuyết trình, Truyền thông",Kiên Giang,buổi chiều,Môi trường
Cải thiện bảo mật dữ liệu tổ chức phi lợi nhuận,"Lập trình, Phân tích dữ liệu, Thiết kế web",Đà Nẵng,linh hoạt,Công nghệ
Dạy học sinh vùng cao,"Giao tiếp, Giảng dạy, Tổ chức lớp học",Phú Thọ,linh hoạt,Giáo dục
Hỗ trợ kỹ thuật trong hội thảo trực tuyến,"Công nghệ thông tin, Giải quyết vấn đề, Thiết kế web",Kiên Giang,linh hoạt,Công nghệ
Thiết kế hệ thống quản lý tình nguyện viên,"Phân tích dữ liệu, Thiết kế web, Giải quyết vấn đề",Thái Bình,online,Công nghệ
Tổ chức Ngày Trái Đất,"Truyền thông, Tổ chức sự kiện, Thuyết trình",Hà Nội,online,Môi trường
Chụp ảnh thiện nguyện,"Thiết kế, Sáng tạo, Truyền thông",Cần Thơ,linh hoạt,Nghệ thuật
Gia sư miễn phí cho trẻ em khó khăn,"Giao tiếp, Soạn giáo án, Tổ chức lớp học",Phú Thọ,cuối tuần,Giáo dục
Phát triển website phi lợi nhuận,"Giải quyết vấn đề, Thiết kế web, Công nghệ thông tin",Nam Định,buổi tối,Công nghệ
Cải thiện bảo mật dữ liệu tổ chức phi lợi nhuận,"Thiết kế web, Giải quyết vấn đề, Phân tích dữ liệu",Nha Trang,cuối tuần,Công nghệ
Hỗ trợ người vô gia cư,"Truyền thông, Tổ chức sự kiện, Giao tiếp",Nha Trang,buổi chiều,Xã hội
Hỗ trợ ôn thi tốt nghiệp THPT cho học sinh nghèo,"Giảng dạy, Tổ chức lớp học, Kiên nhẫn",Long An,buổi tối,Giáo dục
Phát triển website phi lợi nhuận,"Lập trình, Giải quyết vấn đề, Thiết kế web",Bình Dương,cuối tuần,Công nghệ
Đồng hành cùng học sinh vượt khó,"Làm việc nhóm, Đồng cảm, Giao tiếp",Kiên Giang,cuối tuần,Xã hội
Tham gia cứu trợ lũ lụt,"Làm việc nhóm, Giao tiếp, Truyền thông",Đà Nẵng,online,Xã hội
Dạy lập trình Python cho học sinh,"Công nghệ thông tin, Thiết kế web, Giải quyết vấn đề",Đà Nẵng,buổi tối,Công nghệ
Hỗ trợ kỹ thuật trong hội thảo trực tuyến,"Thiết kế web, Công nghệ thông tin, Giải quyết vấn đề",Vũng Tàu,online,Công nghệ
Trình diễn văn nghệ cộng đồng,"Sáng tạo, Truyền thông, Làm việc nhóm",Đắk Lắk,buổi chiều,Nghệ thuật
Thiết kế hệ thống quản lý tình nguyện viên,"Lập trình, Giải quyết vấn đề, Phân tích dữ liệu",Nha Trang,linh hoạt,Công nghệ
Chiến dịch trồng cây xanh,"Truyền thông, Tổ chức sự kiện, Quan sát",Huế,cuối tuần,Môi trường
Tuyên truyền bảo vệ môi trường học đường,"Làm việc nhóm, Truyền thông, Thuyết trình",Phú Thọ,cuối tuần,Môi trường
Tổ chức buổi tư vấn dinh dưỡng,"Làm việc nhóm, Y tế cơ bản, Chăm sóc",Phú Thọ,cuối tuần,Y tế
Tổ chức triển lãm tranh gây quỹ,"Nghệ thuật, Thiết kế, Làm việc nhóm",Nha Trang,buổi tối,Nghệ thuật
Khám sức khỏe miễn phí vùng sâu vùng xa,"Giao tiếp, Y tế cơ bản, Làm việc nhóm",Thái Bình,cuối tuần,Y tế
Hướng dẫn phân loại rác tại nguồn,"Tổ chức sự kiện, Thuyết trình, Truyền thông",Thanh Hóa,online,Môi trường
Khám sức khỏe miễn phí vùng sâu vùng xa,"Tư vấn, Giao tiếp, Y tế cơ bản",Lào Cai,buổi sáng,Y tế
Tư vấn chuyển đổi số cho tổ chức xã hội,"Công nghệ thông tin, Thiết kế web, Phân tích dữ liệu",Hải Phòng,buổi chiều,Công nghệ
Dạy học sinh vùng cao,"Giao tiếp, Giảng dạy, Soạn giáo án",Bắc Giang,buổi sáng,Giáo dục
Chia sẻ kinh nghiệm học tập trực tuyến,"Kiên nhẫn, Giao tiếp, Giảng dạy",Nam Định,buổi tối,Giáo dục
Tổ chức buổi tư vấn dinh dưỡng,"Tư vấn, Giao tiếp, Chăm sóc",Bắc Giang,cuối tuần,Y tế
Dạy nhạc cho trẻ em vùng cao,"Làm việc nhóm, Truyền thông, Sáng tạo",Long An,buổi tối,Nghệ thuật
Trình diễn văn nghệ cộng đồng,"Nghệ thuật, Làm việc nhóm, Truyền thông",Hà Nội,buổi tối,Nghệ thuật
Tổ chức trung thu cho trẻ em cơ nhỡ,"Tổ chức sự kiện, Giao tiếp, Đồng cảm",Đắk Lắk,buổi tối,Xã hội
Dạy lập trình Python cho học sinh,"Phân tích dữ liệu, Công nghệ thông tin, Giải quyết vấn đề",Kiên Giang,online,Công nghệ
Truyền thông phòng chống dịch bệnh,"Làm việc nhóm, Giao tiếp, Y tế cơ bản",Thanh Hóa,buổi chiều,Y tế
Đồng hành cùng học sinh vượt khó,"Làm việc nhóm, Tổ chức sự kiện, Truyền thông",Thái Bình,buổi chiều,Xã hội
Thiết kế hệ thống quản lý tình nguyện viên,"Giải quyết vấn đề, Lập trình, Thiết kế web",Hà Nội,online,Công nghệ
Hỗ trợ người vô gia cư,"Làm việc nhóm, Tổ chức sự kiện, Đồng cảm",TP. Hồ Chí Minh,buổi sáng,Xã hội
Hỗ trợ ôn thi tốt nghiệp THPT cho học sinh nghèo,"Tổ chức lớp học, Giao tiếp, Kiên nhẫn",Cần Thơ,online,Giáo dục
Tái chế rác thải nhựa sáng tạo,"Tổ chức sự kiện, Truyền thông, Làm việc nhóm",Long An,online,Môi trường
Hỗ trợ kỹ thuật trong hội thảo trực tuyến,"Công nghệ thông tin, Lập trình, Thiết kế web",Nam Định,buổi tối,Công nghệ
Thiết kế poster sự kiện thiện nguyện,"Truyền thông, Làm việc nhóm, Nghệ thuật",Kiên Giang,buổi sáng,Nghệ thuật
Hỗ trợ ôn thi tốt nghiệp THPT cho học sinh nghèo,"Soạn giáo án, Giao tiếp, Kiên nhẫn",Nam Định,cuối tuần,Giáo dục
Tư vấn tâm lý cho thanh thiếu niên,"Giao tiếp, Đồng cảm, Truyền thông",Lào Cai,buổi chiều,Xã hội
Tuyên truyền bảo vệ môi trường học đường,"Thuyết trình, Truyền thông, Làm việc nhóm",Phú Thọ,buổi tối,Môi trường
Tổ chức hoạt động đọc sách cho trẻ em,"Giao tiếp, Giảng dạy, Kiên nhẫn",Thanh Hóa,linh hoạt,Giáo dục
Hỗ trợ ôn thi tốt nghiệp THPT cho học sinh nghèo,"Giao tiếp, Kiên nhẫn, Giảng dạy",Nha Trang,linh hoạt,Giáo dục
Chăm sóc y tế cộng đồng,"Chăm sóc, Y tế cơ bản, Làm việc nhóm",Đà Nẵng,buổi tối,Y tế
Gây quỹ ủng hộ trẻ em nghèo,"Giao tiếp, Làm việc nhóm, Tổ chức sự kiện",Thanh Hóa,linh hoạt,Xã hội
Chăm sóc người già neo đơn,"Tư vấn, Chăm sóc, Giao tiếp",Cần Thơ,buổi tối,Y tế
Dạy lập trình Python cho học sinh,"Lập trình, Thiết kế web, Giải quyết vấn đề",Kiên Giang,linh hoạt,Công nghệ
Trồng cây phủ xanh đồi trọc,"Làm việc nhóm, Tổ chức sự kiện, Quan sát",Nha Trang,linh hoạt,Môi trường
Chụp ảnh thiện nguyện,"Thiết kế, Sáng tạo, Làm việc nhóm",Thanh Hóa,online,Nghệ thuật
Chăm sóc y tế cộng đồng,"Chăm sóc, Tư vấn, Y tế cơ bản",Lào Cai,linh hoạt,Y tế
Truyền thông phòng chống dịch bệnh,"Tư vấn, Giao tiếp, Chăm sóc",Nam Định,buổi chiều,Y tế
Hướng dẫn phân loại rác tại nguồn,"Truyền thông, Làm việc nhóm, Quan sát",Cần Thơ,cuối tuần,Môi trường
Tái chế rác thải nhựa sáng tạo,"Làm việc nhóm, Thuyết trình, Quan sát",Quảng Ninh,buổi sáng,Môi trường
Hỗ trợ kỹ thuật trong hội thảo trực tuyến,"Công nghệ thông tin, Lập trình, Giải quyết vấn đề",Thái Bình,buổi sáng,Công nghệ
Tổ chức buổi tư vấn dinh dưỡng,"Chăm sóc, Y tế cơ bản, Làm việc nhóm",Phú Thọ,buổi chiều,Y tế
Biểu diễn gây quỹ từ thiện,"Làm việc nhóm, Truyền thông, Thiết kế",Hà Nội,buổi chiều,Nghệ thuật
Thiết kế hệ thống quản lý tình nguyện viên,"Công nghệ thông tin, Giải quyết vấn đề, Phân tích dữ liệu",Lào Cai,buổi tối,Công nghệ
Khám sức khỏe miễn phí vùng sâu vùng xa,"Y tế cơ bản, Giao tiếp, Chăm sóc",Hà Nội,cuối tuần,Y tế
Tổ chức lớp học kỹ năng sống,"Giao tiếp, Giảng dạy, Soạn giáo án",Long An,buổi chiều,Giáo dục
Tham gia cứu trợ lũ lụt,"Giao tiếp, Đồng cảm, Làm việc nhóm",Kiên Giang,linh hoạt,Xã hội
Hỗ trợ ôn thi tốt nghiệp THPT cho học sinh nghèo,"Giảng dạy, Soạn giáo án, Giao tiếp",TP. Hồ Chí Minh,buổi sáng,Giáo dục
Biểu diễn gây quỹ từ thiện,"Sáng tạo, Nghệ thuật, Truyền thông",Thái Bình,buổi chiều,Nghệ thuật
Dạy lập trình Python cho học sinh,"Thiết kế web, Phân tích dữ liệu, Lập trình",Huế,buổi tối,Công nghệ
Chăm sóc y tế cộng đồng,"Chăm sóc, Giao tiếp, Làm việc nhóm",Hải Phòng,linh hoạt,Y tế
Tuyên truyền bảo vệ môi trường học đường,"Truyền thông, Quan sát, Thuyết trình",Cần Thơ,buổi sáng,Môi trường
Thiết kế poster sự kiện thiện nguyện,"Sáng tạo, Thiết kế, Truyền thông",Long An,cuối tuần,Nghệ thuật
Tham gia cứu trợ lũ lụt,"Truyền thông, Giao tiếp, Tổ chức sự kiện",Vũng Tàu,buổi sáng,Xã hội
Tư vấn chuyển đổi số cho tổ chức xã hội,"Giải quyết vấn đề, Công nghệ thông tin, Lập trình",Lào Cai,cuối tuần,Công nghệ
Hỗ trợ trung tâm khuyết tật học nghề,"Giao tiếp, Soạn giáo án, Giảng dạy",Phú Thọ,cuối tuần,Giáo dục
Hướng dẫn phân loại rác tại nguồn,"Quan sát, Truyền thông, Thuyết trình",Kiên Giang,cuối tuần,Môi trường
Tổ chức trung thu cho trẻ em cơ nhỡ,"Truyền thông, Đồng cảm, Làm việc nhóm",Lào Cai,buổi sáng,Xã hội
Gia sư miễn phí cho trẻ em khó khăn,"Giao tiếp, Giảng dạy, Kiên nhẫn",Thanh Hóa,buổi chiều,Giáo dục
Chụp ảnh thiện nguyện,"Sáng tạo, Nghệ thuật, Thiết kế",Vũng Tàu,buổi tối,Nghệ thuật
Trồng cây phủ xanh đồi trọc,"Quan sát, Tổ chức sự kiện, Thuyết trình",Bình Dương,buổi sáng,Môi trường
